ElecNo,MPNo,PartyName,NameTitle,MPFirstName,MPLastName,PartyStatus
1,1,ไทยศรีวิไลย์,นางสาว,ณัฐปภัสร์,วรธันย์ผาสุข,ยังดำเนินการอยู่
1,2,พลังท้องถิ่นไท,นาย,ธเนษฐ,เศรษฐาวาณิช,ยังดำเนินการอยู่
1,3,ประชาธิปัตย์,นาง,เจิมมาศ,จึงเลิศศิริ,ยังดำเนินการอยู่
1,4,ชาติไทยพัฒนา,นาย,กรีณรงค์,ชาตรี,ยังดำเนินการอยู่
1,5,ประชาชนปฏิรูป,นาง,ดรัณภัทร,วิชชาวุธ,ยังดำเนินการอยู่
1,6,ประชาชาติ,นาย,รวิโชติ,ธำรงนาวาสวัสดิ์,ยังดำเนินการอยู่
1,7,รวมพลังประชาชาติไทย,นาย,เตช,เตชะพัฒน์สิริ,ยังดำเนินการอยู่
1,8,ชาติพัฒนา,นาย,อนุสรณ์,เกษมวรรณ,ยังดำเนินการอยู่
1,9,เพื่อไทย,นางสาว,ลีลาวดี,วัชโรบล,ยังดำเนินการอยู่
1,10,เพื่อชาติ,นาย,ณัฏฐ์พงษ์,ยงใจยุทธ,ยังดำเนินการอยู่
1,11,อนาคตใหม่,นางสาว,นพมาศ,การุญ,ยังดำเนินการอยู่
1,12,รักษ์ผืนป่าประเทศไทย,นาย,กอบชัย,ชยามฤต,ยังดำเนินการอยู่
1,13,ภูมิใจไทย,นาย,ทวีพร,อนุตรพงษ์สกุล,ยังดำเนินการอยู่
1,14,พลังประชารัฐ,นางสาว,กานต์กนิษฐ์,แห้วสันตติ,ยังดำเนินการอยู่
1,15,ประชาภิวัฒน์,นาย,ธนชาต,เมฆวันวรา,ยังดำเนินการอยู่
1,16,เพื่อแผ่นดิน,นาย,วิเชียร,โมไนยกุล,ยังดำเนินการอยู่
1,17,เสรีรวมไทย,ร้อยเอก,วัชราภรณ์,สังวรโยธิน,ยังดำเนินการอยู่
1,18,ประชานิยม,นางสาว,วิสุดา,จงสกุลชัย,ยังดำเนินการอยู่
1,19,ถิ่นกาขาวชาววิไล,นาย,เรียบ,ประทุมฝาง,ยังดำเนินการอยู่
1,20,ภราดรภาพ,นาย,ณัฐพล,หวังชูเชิดกุล,ยังดำเนินการอยู่
1,21,เศรษฐกิจใหม่,นาย,มงคล,เสมอภาพ,ยังดำเนินการอยู่
1,22,มติประชา,นาง,วัลลี,แอสุวรรณ์,ยังดำเนินการอยู่
1,23,แผ่นดินธรรม,จ่าเอก,พิพัฒน์,วงษ์ฤทธิ์,ยังดำเนินการอยู่
1,24,พลังชาติไทย,นาย,หฤษฎ์,หนูเอี่ยม,ยังดำเนินการอยู่
1,25,ครูไทยเพื่อประชาชน,นาย,พงศ์ชิษณุ,พีรดาจิราวัฒน์,ยังดำเนินการอยู่
1,26,มหาชน,นางสาว,พัทธ์ฐิชา,ณิชยรวีพัชร์,ยังดำเนินการอยู่
1,27,พลังศรัทธา,นางสาว,กันญภัทร,นครังสุ,ยังดำเนินการอยู่
1,28,ประชาธรรมไทย,นางสาว,หนึ่งฤทัย,หัสดิน,ยังดำเนินการอยู่
1,29,ภาคีเครือข่ายไทย,นาง,อรุณรัตน์,ศิลปธรรมธาดา,ยังดำเนินการอยู่
1,30,ไทรักธรรม,นาย,ภฤศ,วัฒนธาดากุล,ยังดำเนินการอยู่
2,1,รวมพลังประชาชาติไทย,นาย,ณัฏฐพัชร์,กวินกนกกัลป์,ยังดำเนินการอยู่
2,2,พลังประชารัฐ,นางสาว,พัชรินทร์,ซำศิริพงษ์,ยังดำเนินการอยู่
2,3,ภูมิใจไทย,นางสาว,อุไร,อนันตสิน,ยังดำเนินการอยู่
2,4,ประชาธิปัตย์,นางสาว,อรอนงค์,กาญจนชูศักดิ์,ยังดำเนินการอยู่
2,5,อนาคตใหม่,นางสาว,พัสวี,ภัทรพุทธากร,ยังดำเนินการอยู่
2,6,เสรีรวมไทย,นาง,ชัญญา,บุญเกิด,ยังดำเนินการอยู่
2,7,เพื่อชาติ,นางสาว,ภัทรกันย์,กิจวิชา,ยังดำเนินการอยู่
2,8,ประชาชาติ,นาง,พิมพาภรณ์,พานทอง,ยังดำเนินการอยู่
2,9,พลังประชาธิปไตย,นาย,นพรุจ,วรชิตวุฒิกุล,ยังดำเนินการอยู่
2,10,ไทยรักษาชาติ,หม่อมหลวง,ณัฏฐพล,เทวกุล,ถูกศาลรัฐธรรมนูญสั่งยุบพรรค
2,11,ชาติไทยพัฒนา,นางสาว,ศิรภัสสร,พิเนตร,ยังดำเนินการอยู่
2,12,ประชาชนปฏิรูป,นางสาว,นิธินันท์,นิธิวชิระพงศ์,ยังดำเนินการอยู่
2,13,ชาติพัฒนา,นางสาว,ปุณฐ์นัฐย์ดา,อิสริยาพร,ยังดำเนินการอยู่
2,14,เพื่อแผ่นดิน,นาย,พัชรวีร์,พรหมวงศ์,ยังดำเนินการอยู่
2,15,ประชาภิวัฒน์,นาย,ธีระ,ธรรมลักขณา,ยังดำเนินการอยู่
2,16,ถิ่นกาขาวชาววิไล,นาย,รชต,ตันตระกูล,ยังดำเนินการอยู่
2,17,ภราดรภาพ,นาย,ธนบุรี,วสุธาวาณิช,ยังดำเนินการอยู่
2,18,รักษ์ผืนป่าประเทศไทย,นางสาว,สิริมา,ธารีจารุ,ยังดำเนินการอยู่
2,19,เศรษฐกิจใหม่,นาย,ชัยวัฒน์,ชื่นสุขสันต์,ยังดำเนินการอยู่
2,20,ครูไทยเพื่อประชาชน,นาย,สุรวัชร์,ทองรอด,ยังดำเนินการอยู่
2,21,แผ่นดินธรรม,นาย,เทียนชัย,วงศ์นวภรณ์,ยังดำเนินการอยู่
2,22,มติประชา,นาย,ภควุฒิ,งามพัฒนพงศ์ชัย,ยังดำเนินการอยู่
2,23,พลังชาติไทย,นาย,ภูริต,มนูปรัญญานนท์,ยังดำเนินการอยู่
2,24,ประชานิยม,นาย,เมธานนท์ ,สุรเมธีกุล,ยังดำเนินการอยู่
2,25,พลังสังคม,พันตรี,อำนาจ,ศิลปาจารย์,ยังดำเนินการอยู่
2,26,กลาง,นาย,อัศจรรย์,เขมกานนท์,ยังดำเนินการอยู่
2,27,ภาคีเครือข่ายไทย,นาย,ธงชัย,ทองอยู่เลิศ,ยังดำเนินการอยู่
2,28,ประชาธิรรมไทย,นาย,วิทยา,อิบรอฮีม,ยังดำเนินการอยู่
2,29,มหาชน,นาย,ศิวกร,ซิมมณี,ยังดำเนินการอยู่
2,30,สามัญชน,นางสาว,ภัทร์นฤน,วงศ์กาศ,ยังดำเนินการอยู่
2,31,พลังท้องถิ่นไท,นางสาว,เพ็ญลดา,ครุธโกษา,ยังดำเนินการอยู่
3,1,ไทยรักษาชาติ,นาย,พงษ์พิสุทธิ์,จินตโสภณ,ถูกศาลรัฐธรรมนูญสั่งยุบพรรค
3,2,ประชาภิวัฒน์,นาย,สกนธ์,กัปปิยจรรยา,ยังดำเนินการอยู่
3,3,พลังประชารัฐ,นาย,เนวินธุ์,ช่อชัยทิพฐ์,ยังดำเนินการอยู่
3,4,ประชาชนปฏิรูป,นาย,ปณตพร,โอฬารฤทธินันท์,ยังดำเนินการอยู่
3,5,รวมพลังประชาชาติไทย,นาย,จุมพล ,จันทร์จิระ,ยังดำเนินการอยู่
3,6,พลังท้องถิ่นไท,นาย,ธิมล,ไตรรัตน์วิโรจน์,ยังดำเนินการอยู่
3,7,พลังธรรมใหม่,นาง,นงลักษณ์ ,ติรกาญจนา,ยังดำเนินการอยู่
3,8,ประชาชาติ,นางสาว,วิลนันต์,จันธนนิโรจน์,ยังดำเนินการอยู่
3,9,ชาติไทยพัฒนา,นาย,ศิระรังษี ,ปารมีอิทธิวงษ์,ยังดำเนินการอยู่
3,10,เพื่อชาติ,นาย,สันติ,วิชัยพล,ยังดำเนินการอยู่
3,11,เสรีรวมไทย,นาย,ไสว,ทัศนีย์ภาพ,ยังดำเนินการอยู่
3,12,ภูมิใจไทย,นาย,ณฐพนธ์ ,คงศิลา,ยังดำเนินการอยู่
3,13,ประชาธิปัตย์,หม่อมหลวง,อภิมงคล ,โสณกุล,ยังดำเนินการอยู่
3,14,อนาคตใหม่,นางสาว,วรรณวรี,ตะล่อมสิน,ยังดำเนินการอยู่
3,15,ชาติพัฒนา,นาย,เอกรัฐ ,เลิศรัตนชัยกิจ,ยังดำเนินการอยู่
3,16,ประชานิยม,นาย,ปฐวี ,ชัยวัฒน์,ยังดำเนินการอยู่
3,17,ภราดรภาพ,นาง,ธนัชพร,วงษ์ทองทิว,ยังดำเนินการอยู่
3,18,ไทยศรีวิไลย์,นาย,ธนชัย,ตั้งตรงสากล,ยังดำเนินการอยู่
3,19,รักษ์ผืนป่าประเทศไทย,นาย,สิทธิกร ,หล่อกัณภัย,ยังดำเนินการอยู่
3,20,เศรษฐกิจใหม่,นาย,วิทยา,ตั้งสุวรรณวงศ์,ยังดำเนินการอยู่
3,21,ครูไทยเพื่อประชาชน,นาย,อุปถัมภ์ ,พรรณสังข์,ยังดำเนินการอยู่
3,22,พลังชาติไทย,นาย,กิตตน์,รุ่งณรงค์รักษ์,ยังดำเนินการอยู่
3,23,พลังไทยรักชาติ,นางสาว,ดวงกมล,อดุลย์เศรณี,ยังดำเนินการอยู่
3,24,พลังสังคม,ร้อยตรี,ศรันย์วิทย์,เหมรักษ์,ยังดำเนินการอยู่
3,25,พลังไทสร้างชาติ,นาย,พิสิษฐ์ ,เจียมจิรอานนท์,ยังดำเนินการอยู่
3,26,ประชาธิปไตยใหม่,นาย,ชมน์สฤษฏ์ ,รัตนชัยเดชา,ยังดำเนินการอยู่
3,27,มติประชา,นาย,เพียรชัย ,องค์ศรีตระกูล,ยังดำเนินการอยู่
3,28,พลังศรัทธา,นางสาว,พัชรินทร์ ,ประสพสุข,ยังดำเนินการอยู่
3,29,มหาชน,นางสาว,ไอยพราว ,พัชร์ปวริศร์,ยังดำเนินการอยู่
3,30,ประชาธรรมไทย,นางสาว,ปัญนิษา ,จำรัสธนเดช,ยังดำเนินการอยู่
3,31,แผ่นดินธรรม,นางสาว,ภัทรา ,นิทัศนานนทชัย,ยังดำเนินการอยู่
3,32,ภาคีเครือข่ายไทย,นาย,สุรสิทธิ์,ผาบชมภู,ยังดำเนินการอยู่
3,33,ไทรักธรรม,นาย,กฤษณะ ,เนตร์ชัยรัตน์,ยังดำเนินการอยู่
4,1,เพื่อชาติ,นาย,บุญเลิศ ,นุ้ยเมือง,ยังดำเนินการอยู่
4,2,อนาคตใหม่,นาย,กรณ์,จตุวิมล,ยังดำเนินการอยู่
4,3,เสรีรวมไทย,นางสาว,เดือนเพ็ญ,ยวงสูงเนิน,ยังดำเนินการอยู่
4,4,รวมพลังประชาชาติไทย,นาย,พิรสุต,จันทรานุวัฒน์,ยังดำเนินการอยู่
4,5,ภูมิใจไทย,นาย,เอกราช ,หวังนุช,ยังดำเนินการอยู่
4,6,พลังประชารัฐ,นาง,กรณิศ ,งามสุคนธ์รัตนา,ยังดำเนินการอยู่
4,7,ชาติพัฒนา,นางสาว,เมลิสา ,มหาพล,ยังดำเนินการอยู่
4,8,ประชาชาติ,นาย,มีชัย ,ออสุวรรณ,ยังดำเนินการอยู่
4,9,ประชาภิวัฒน์,นาย,นรินทร์ ,โกศลรุ่งเรือง,ยังดำเนินการอยู่
4,10,ไทยศรีวิไลย์,นาย,ศุภฤกษ์ ,ธนาพัชรมนฑ์,ยังดำเนินการอยู่
4,11,ประชาธิปัตย์,นาย,อนุชา ,บูรพชัยศรี,ยังดำเนินการอยู่
4,12,ประชาชนปฏิรูป,นาย,สมชาย ,ชีวเกรียงไกร,ยังดำเนินการอยู่
4,13,มหาชน,นาย,จักรกรินทร์ ,สิงหนุต,ยังดำเนินการอยู่
4,14,ชาติไทยพัฒนา,นางสาว,สกุลทิพย์ ,วิชญาโนทัย,ยังดำเนินการอยู่
4,15,ภราดรภาพ,นาย,สันทัด ,อัศวมั่นคงเจริญ,ยังดำเนินการอยู่
4,16,รักษ์ผืนป่าประเทศไทย,นาง,สุธีรัชต์ ,อมรพงศาพันธ์,ยังดำเนินการอยู่
4,17,พลังท้องถิ่นไท,นาย,อดิธร ,ศรีประเสริฐ,ยังดำเนินการอยู่
4,18,ไทยรักษาชาติ,นาย,นวธันย์ ,ธวัชวงศ์เดชากุล,ถูกศาลรัฐธรรมนูญสั่งยุบพรรค
4,19,ประชานิยม,นาย,พันเทพ ,หงษ์สุมาลย์,ยังดำเนินการอยู่
4,20,พลังชาติไทย,นาย,ธนเสฏฐ์ ,รัตนสมบูรณ์,ยังดำเนินการอยู่
4,21,เศรษฐกิจใหม่,นาย,ธนภณ ,ธัญธนสกุล,ยังดำเนินการอยู่
4,22,ประชากรไทย,นาย,ธนเดช ,ไชยพฤกษ์,ยังดำเนินการอยู่
4,23,ครูไทยเพื่อประชาชน,นาย,วุฒิวัฒน์ ,ธนินพัฒนรัตน์,ยังดำเนินการอยู่
4,24,ประชาธิปไตยใหม่,นางสาว,ปุณณ์ภัสสร ,จีรวิวัฒนชัย,ยังดำเนินการอยู่
4,25,พลังรัก,นาย,ณัฐรัตน์ ,ไหลพิริยกุล,ยังดำเนินการอยู่
4,26,มติประชา,นาย,นิพนธ์ ,ฐิติภัค,ยังดำเนินการอยู่
4,27,ประชาธรรมไทย,นาง,กาญจนาภา ,สิทธิคุณาพันธุ์,ยังดำเนินการอยู่
4,28,พลังไทสร้างชาติ,นาย,สมพิศ ,ผอบเพ็ชร,ยังดำเนินการอยู่
4,29,พลเมืองไทย,นางสาว,จิรากัญ ,มากบุญธรรม,ยังดำเนินการอยู่
4,30,พลังศรัทธา,นางสาว,ณัฐรมณ์ ,ลิ้นลา,ยังดำเนินการอยู่
4,31,ไทรักธรรม,นางสาว,ดารารัตน์,สีแดง,ยังดำเนินการอยู่
4,32,ภาคีเครือข่ายไทย,นาย,ฉัตรชัย,คงเกิด,ยังดำเนินการอยู่
5,1,ชาติพัฒนา,นาย,ยงยุทธ ,วงศ์ธีระสูตร,ยังดำเนินการอยู่
5,2,พลังประชารัฐ,นางสาว,อรพินทร์ ,เพชรทัต,ยังดำเนินการอยู่
5,3,ประชาชาติ,นาย,อภิเดช ,ชยานนท์เกสรี,ยังดำเนินการอยู่
5,4,ภูมิใจไทย,นาย,ธัชพงศ์ ,ชูดำ,ยังดำเนินการอยู่
5,5,ประชาชนปฏิรูป,นาย,สมชาย,ดุรงค์เดช,ยังดำเนินการอยู่
5,6,ไทยศรีวิไลย์,นางสาว,ณฐบดี ,อภิญญาตกุล,ยังดำเนินการอยู่
5,7,เสรีรวมไทย,นาย,กฤต ,เลิศเศรษฐการ,ยังดำเนินการอยู่
5,8,อนาคตใหม่,นาย,อดิศร ,โพธิ์อ่าน,ยังดำเนินการอยู่
5,9,ประชาธิปัตย์,นาย,ธนา,ชีรวินิจ,ยังดำเนินการอยู่
5,10,พลังธรรมใหม่,นางสาว,กรรธิมา ,สันติสุข,ยังดำเนินการอยู่
5,11,ชาติไทยพัฒนา,นาย,สุทักษ์ ,จิระรัตนวงศ์,ยังดำเนินการอยู่
5,12,ประชาภิวัฒน์,นาย,ศุภศักดิ์ ,บุญญะสุต,ยังดำเนินการอยู่
5,13,เพื่อไทย,นาย,ประเดิมชัย ,บุญช่วยเหลือ,ยังดำเนินการอยู่
5,14,เพื่อชาติ,นางสาว,สาวิตรี ,สาทสุทธิ,ยังดำเนินการอยู่
5,15,รักษ์ผืนป่าประเทศไทย,นาย,จักรทิพย์ ,ปัทมะทิน,ยังดำเนินการอยู่
5,16,ภราดรภาพ,นางสาว,น้องนุช,โทเอ,ยังดำเนินการอยู่
5,17,รวมพลังประชาชาติไทย,นาย,ภาณุพงศ์ ,บัวมาตร,ยังดำเนินการอยู่
5,18,พลังสังคม,นาย,สมเกียรติ ,มั่นคง,ยังดำเนินการอยู่
5,19,พลังปวงชนไทย,นาย,ทนัฏฐ์ ,ปานโสภณ,ยังดำเนินการอยู่
5,20,ประชานิยม,นาย,พนิต ,นุชน้อย,ยังดำเนินการอยู่
5,21,ประชาธิปไตยใหม่,นาย,ณัฐสุรัช ,หงษ์วิจิตปรีชา,ยังดำเนินการอยู่
5,22,พลังชาติไทย,นาย,พงศ์สัคค์ ,พุฒแก้ว,ยังดำเนินการอยู่
5,23,ครูไทยเพื่อประชาชน,นาย,กวิน,นิลพานิช,ยังดำเนินการอยู่
5,24,ชาติพันธุ์ไทย,นาง,เอื้องฟ้า,งามธุระ,ยังดำเนินการอยู่
5,25,พลังไทยรักไทย,นางสาว,สุรีพร,สัมโย,ยังดำเนินการอยู่
5,26,พลังท้องถิ่นไท,นาย,อนุรักษ์ ,รุ่งแจ้ง,ยังดำเนินการอยู่
5,27,มติประชา,นาย,สุชาติ ,สุวรรณปราโมทย์,ยังดำเนินการอยู่
5,28,ภาคีเครือข่ายไทย,นางสาว,ประภัสสร ,แก้วประเสริฐ,ยังดำเนินการอยู่
5,29,เศรษฐกิจใหม่,นาย,ปฎิวัติ ,ตรองจิตต์,ยังดำเนินการอยู่
5,30,มหาชน,นาย,ภูเบศร์ ,มงคลวัฒน์,ยังดำเนินการอยู่
5,31,พลังไทสร้างชาติ,นาย,มานพ,ศุขะพันธุ์,ยังดำเนินการอยู่
5,32,ประชาธรรมไทย,นาย,ณภัทร ,หลวงเมือง,ยังดำเนินการอยู่
5,33,พลังประชาธิปไตย,นาง,พิชญ์ดา ,เดอเยซูซ์,ยังดำเนินการอยู่
6,1,ภูมิใจไทย,นาย,อนุชาญ ,กวางทอง,ยังดำเนินการอยู่
6,2,เสรีรวมไทย,นาย,ภูวพัฒน์ ,ชนะสกล,ยังดำเนินการอยู่
6,3,เพื่อไทย,นาย,ประพนธ์ ,เนตรรังษี,ยังดำเนินการอยู่
6,4,ประชาชนปฏิรูป,ร้อยตำรวจโท,รพีพจน์ ,เจิมเทียนชัย,ยังดำเนินการอยู่
6,5,ประชานิยม,นาย,สังวน,เจิมแป้น,ยังดำเนินการอยู่
6,6,ชาติพัฒนา,นาย,ณัฏฐ์ปิยะ ,กุลจิรารวีนิภา,ยังดำเนินการอยู่
6,7,รวมพลังประชาชาติไทย,นาง,ดวงกมล ,ดวงสร้อยทอง,ยังดำเนินการอยู่
6,8,อนาคตใหม่,นาย,คริส ,โปตระนันทน์,ยังดำเนินการอยู่
6,9,ชาติไทยพัฒนา,นาย,พีรชาติ ,ยุกตานนท์,ยังดำเนินการอยู่
6,10,ประชาธิปัตย์,นาย,อรรถวิชช์,สุวรรณภักดี,ยังดำเนินการอยู่
6,11,พลังประชารัฐ,นางสาว,ภาดาท์ ,วรกานนท์,ยังดำเนินการอยู่
6,12,เพื่อชาติ,นาย,ไชยา ,ประดิษฐธรรม,ยังดำเนินการอยู่
6,13,ประชาชาติ,นาย,วิโรจน์,เจษฎาดิลก,ยังดำเนินการอยู่
6,14,ประชาภิวัฒน์,นาย,เอนก,นาคดิลก,ยังดำเนินการอยู่
6,15,พลังท้องถิ่นไท,นาย,รุจชรินทร์,ทองใหญ่,ยังดำเนินการอยู่
6,16,ไทยศรีวิไลย์,นาย,พิชัย,บุราวาศ,ยังดำเนินการอยู่
6,17,ภราดรภาพ,นาย,สุรภาส,วิเชียร,ยังดำเนินการอยู่
6,18,รักษ์ผืนป่าประเทศไทย,พลตำรวจตรี,สุริยะ,อยู่เย็น,ยังดำเนินการอยู่
6,19,เพื่อแผ่นดิน,นาย,ประวีร์,จินดาวรรณ,ยังดำเนินการอยู่
6,20,เศรษฐกิจใหม่,นาง,สุมณฑา,อ่อนนุ่ม,ยังดำเนินการอยู่
6,21,พลังชาติไทย,นาง,อังศุธร,อังคะพินทุ,ยังดำเนินการอยู่
6,22,ครูไทยเพื่อประชาชน,นาย,พิสิษฐ์,พิพัฒน์กุลบุตร,ยังดำเนินการอยู่
6,23,พลังรัก,นาย,ภัทรพงศ์,วนะไชยเกียรติ,ยังดำเนินการอยู่
6,24,พลังปวงชนไทย,นาย,ขรรค์ชัย,แก้วเนตร,ยังดำเนินการอยู่
6,25,มหาชน,นาง,นภารำไพ,ณ นคร,ยังดำเนินการอยู่
6,26,พลังไทสร้างชาติ,นาย,มิตรพล,สิทธิกูล,ยังดำเนินการอยู่
6,27,พลเมืองไทย,นางสาว,ฐาปนี,โปร่งรัศมี,ยังดำเนินการอยู่
6,28,มติประชา,นาย,ปริญญา,งามพัฒนพงศ์ชัย,ยังดำเนินการอยู่
6,29,ภาคีเครือข่ายไทย,นาย,คชษิน,กาดัสซา,ยังดำเนินการอยู่
6,30,ประชาธิปไตยใหม่,นาย,ลาภวัต,สุริยสกุลลาภ,ยังดำเนินการอยู่
7,1,ประชาชาติ,นาย,ธัญญธำรง,อัศวนนท์,ยังดำเนินการอยู่
7,2,ประชาชนปฏิรูป,นาย,พรมงคล,ศรีดี,ยังดำเนินการอยู่
7,3,อนาคตใหม่,นาย,ปิยะชาติ,อำนวยเวช,ยังดำเนินการอยู่
7,4,พลังประชารัฐ,นางสาว,ธณิกานต์,พรพงษาโรจน์,ยังดำเนินการอยู่
7,5,ประชาภิวัฒน์,นาย,กัษณ,เข็มเพ็ชร,ยังดำเนินการอยู่
7,6,ชาติพัฒนา,นาย,วิโรจน์,จิตรอบอารีย์,ยังดำเนินการอยู่
7,7,เสรีรวมไทย,นาย,วรินทร,สิรรมย์,ยังดำเนินการอยู่
7,8,ชาติไทยพัฒนา,นาย,ปฐมพร,ทิมเพชร,ยังดำเนินการอยู่
7,9,ไทยศรีวิไลย์,นางสาว,กฤษยากร,สรชัย,ยังดำเนินการอยู่
7,10,เพื่อแผ่นดิน,นาย,สมชาติ,อ่อนประดิษฐ์,ยังดำเนินการอยู่
7,11,รวมพลังประชาชาติไทย,นาย,กันตพล,กิตติธากรณ์,ยังดำเนินการอยู่
7,12,พลังท้องถิ่นไท,นาง,พิมพ์อร,คงอุดม,ยังดำเนินการอยู่
7,13,เพื่อชาติ,นางสาว,โพยมราษี ,ฤกษ์สำราญ,ยังดำเนินการอยู่
7,14,ภูมิใจไทย,นาย,อัครนันท์,อริยศรีพงษ์,ยังดำเนินการอยู่
7,15,ประชาธิปัตย์,นาย,คณวัฒน์ ,จันทรลาวัณย์,ยังดำเนินการอยู่
7,16,รักษ์ผืนป่าประเทศไทย,พลโทหญิง,พงษ์รุจี,ศิริวัฒนะ,ยังดำเนินการอยู่
7,17,เพื่อไทย,ร้อยตำรวจเอก,วัฒนรักษ์ ,สุรนาทยุทธ์,ยังดำเนินการอยู่
7,18,ประชานิยม,นาย,พีรยุทธ,อินทรสุวรรณ,ยังดำเนินการอยู่
7,19,พลังศรัทธา,พันเอก,สันติ,โอเงิน,ยังดำเนินการอยู่
7,20,พลังปวงชนไทย,นาย,อริยะ,ฮุยลัน,ยังดำเนินการอยู่
7,21,ภราดรภาพ,นางสาว,ศจีกาญจน์,สรรพช่าง,ยังดำเนินการอยู่
7,22,เศรษฐกิจใหม่,นาย,ณัทพสิษฐ์ ,ประสานวงศ์,ยังดำเนินการอยู่
7,23,ครูไทยเพื่อประชาชน,นาย,กิติพันธ์ ,นันทะสีวะลี,ยังดำเนินการอยู่
7,24,พลังชาติไทย,นาย,วโรภาส,แสงเพชร,ยังดำเนินการอยู่
7,25,มติประชา,นาย,รัฐโรจน์,ประสิทธิ์พรกุล,ยังดำเนินการอยู่
7,26,แผ่นดินธรรม,นาย,วิสุทธิ์,โพธิ์ศรี,ยังดำเนินการอยู่
7,27,กลาง,นาย,นิธิศ,ศรีแย้ม,ยังดำเนินการอยู่
7,28,ประชาธรรมไทย,นาย,อิทธิพล,ตัตวธร,ยังดำเนินการอยู่
7,29,ประชากรไทย,ร้อยตำรวจตรี,เสน่ห์,ชัยทร,ยังดำเนินการอยู่
7,30,มหาชน,นาย,สันต์สุข,ไตรเพทพิสัย,ยังดำเนินการอยู่
7,31,ไทรักธรรม,นาย,กิตติพศ,กากาเคน,ยังดำเนินการอยู่
8,1,เพื่อชาติ,นางสาว,วีรินทร์,ตันเสรีสกุล,ยังดำเนินการอยู่
8,2,พลังประชารัฐ,นาย,กษิดิ์เดช,ชุติมันต์,ยังดำเนินการอยู่
8,3,ภูมิใจไทย,นาง,จิณณา,สืบสายไทย,ยังดำเนินการอยู่
8,4,ประชาชาติ,นาย,ศิรธันย์,แสงสินธุศร,ยังดำเนินการอยู่
8,5,ประชาภิวัฒน์,นาย,สิทธา,แจ้งสุข,ยังดำเนินการอยู่
8,6,เพื่อไทย,ร้อยโทหญิง,สุณิสา,ทิวากรดำรง,ยังดำเนินการอยู่
8,7,เสรีรวมไทย,นางสาว,ปิณญาดา,ตันติมนตรี,ยังดำเนินการอยู่
8,8,ชาติพัฒนา,นาย,กรกฤษณ์,วงศ์คุณหยก,ยังดำเนินการอยู่
8,9,พลังธรรมใหม่,นาย,ผนึก,ธัญรส,ยังดำเนินการอยู่
8,10,ชาติไทยพัฒนา,นางสาว,วราไพรินทร์,ธนวริสพร,ยังดำเนินการอยู่
8,11,รวมพลังประชาชาติไทย,นาย,เจษฎา,ศรีสุข,ยังดำเนินการอยู่
8,12,อนาคตใหม่,นาย,ธนเดช,เพ็งสุข,ยังดำเนินการอยู่
8,13,ประชาชนปฏิรูป,นาย,ปราช,จันทองจีน,ยังดำเนินการอยู่
8,14,ไทยศรีวิไลย์,นาย,ทนงศักดิ์,รักอารมณ์,ยังดำเนินการอยู่
8,15,พลังท้องถิ่นไท,นางสาว,วันสว่าง,เต็มชำนาญ,ยังดำเนินการอยู่
8,16,ประชาธิปัตย์,นาย,สรรเสริญ,สมะลาภา,ยังดำเนินการอยู่
8,17,ประชานิยม,นางสาว,ณัฐภรณ์,ชมตระกูล,ยังดำเนินการอยู่
8,18,ภราดรภาพ,นาย,รัชพล,เกิดศิลป์,ยังดำเนินการอยู่
8,19,รักษ์ผืนป่าประเทศไทย,นาง,ธนพรรณ,ศุณะมาลัย,ยังดำเนินการอยู่
8,20,กลาง,นาย,สนั่น,พานทอง,ยังดำเนินการอยู่
8,21,ประชาธิปไตยใหม่,นาย,ประสิทธิ์,พงษ์สมบัติ,ยังดำเนินการอยู่
8,22,เศรษฐกิจใหม่,นาง,สุมาลี,อินทะสุข,ยังดำเนินการอยู่
8,23,ครูไทยเพื่อประชาชน,นางสาว,ธัญญธร,ยุวจิตติ,ยังดำเนินการอยู่
8,24,พลังชาติไทย,นางสาว,รุ้งเพชร,ดิษฐศิริ,ยังดำเนินการอยู่
8,25,พลังรัก,นาย,ปริชัย,ณิชกุลบุญเพ็ง,ยังดำเนินการอยู่
8,26,มหาชน,นางสาว,ภิญญาภรณ์,คงพิทักษ์,ยังดำเนินการอยู่
8,27,ประชาไทย,นางสาว,สิริอร,ลักษมีธนานันต์,ยังดำเนินการอยู่
8,28,เพื่อนไทย,นาย,สันติ,การะลพ,ยังดำเนินการอยู่
8,29,พลเมืองไทย,นางสาว,สุธาสินี,ลาเสือ,ยังดำเนินการอยู่
8,30,ประชาธรรมไทย,นาย,ชัยชนะ,วงศ์จรรยา,ยังดำเนินการอยู่
8,31,มติประชา,นางสาว,เบญสิร์ยา,อภิปัญรัศมิ์,ยังดำเนินการอยู่
8,32,ภาคีเครือข่ายไทย,นางสาว,เบญจพร,ชำนิราชกิจ,ยังดำเนินการอยู่
8,33,ถิ่นกาขาวชาววิไล,นาย,ไพฑูรย์,จันทร์วิบูลย์,ยังดำเนินการอยู่
8,34,พลังศรัทธา,นาย,ชัยนิวัตน์,แสนวันนา,ยังดำเนินการอยู่
9,1,ชาติไทยพัฒนา,พลตรี,เจริญ,สุดโสภา,ยังดำเนินการอยู่
9,2,เพื่อไทย,นาย,สุรชาติ,เทียนทอง,ยังดำเนินการอยู่
9,3,ประชาชาติ,นางสาว,นันทวัน,อินธิแสง,ยังดำเนินการอยู่
9,4,เพื่อชาติ,นางสาว,ประภัสสร,ชูทอง,ยังดำเนินการอยู่
9,5,ประชาธิปัตย์,พลตำรวจตรี,วิชัย,สังข์ประไพ,ยังดำเนินการอยู่
9,6,พลังประชารัฐ,นาย,สิระ,เจนจาคะ,ยังดำเนินการอยู่
9,7,ภูมิใจไทย,นาย,บวรกิตติ์,สันทัด,ยังดำเนินการอยู่
9,8,ชาติพัฒนา,นาย,ชุมพล,รุ่งวิชานิวัฒน์,ยังดำเนินการอยู่
9,9,พลังท้องถิ่นไท,นาย,ศุภกร,จงนภาศิริกูร,ยังดำเนินการอยู่
9,10,ประชาชนปฏิรูป,นาย,ธัชชา,ภิรมย์ชาติ,ยังดำเนินการอยู่
9,11,รวมพลังประชาชาติไทย,นาย,สุรวัช,สุนทรศารทูล,ยังดำเนินการอยู่
9,12,อนาคตใหม่,นาย,กฤษณุชา,สรรเสริญ,ยังดำเนินการอยู่
9,13,เสรีรวมไทย,นาย,ปัณณธร ,รัตน์ภูริเดช,ยังดำเนินการอยู่
9,14,ประชาภิวัฒน์,นาย,พิชิต,จันทร์ประเสริฐ,ยังดำเนินการอยู่
9,15,รักษ์ผืนป่าประเทศไทย,นาย,วีรพัส,เทพา,ยังดำเนินการอยู่
9,16,ประชานิยม,นาย,ฐิตินันต์,ชวนอยู่,ยังดำเนินการอยู่
9,17,ภราดรภาพ,นาย,ณัฐพล,วิสุทธิวงศ์,ยังดำเนินการอยู่
9,18,มติประชา,นาง,อรอุสา,งามเบญจวิชัยกุล,ยังดำเนินการอยู่
9,19,พลังประชาธิปไตย,นาย,พสันต์,ดิษเจริญ,ยังดำเนินการอยู่
9,20,เศรษฐกิจใหม่,นาย,ศักดิภัทร์,สวามิวัสดุ์,ยังดำเนินการอยู่
9,21,พลังปวงชนไทย,นาง,กรรวิการ์,บุตรเนียร,ยังดำเนินการอยู่
9,22,ประชากรไทย,นาย,กฤษฎา,แรงสูงเนิน,ยังดำเนินการอยู่
9,23,ครูไทยเพื่อประชาชน,นางสาว,โสพรรณา,ทิพย์โยธา,ยังดำเนินการอยู่
9,24,พลังชาติไทย,นาย,ฐิตินันทน์,แก้วกิตติกาญจนา,ยังดำเนินการอยู่
9,25,พลังไทสร้างชาติ,จ่าสิบเอก,ไพบูลย์,ภู่ธงแก้ว,ยังดำเนินการอยู่
9,26,พลังสังคม,นาย,ธงชัย,เสี่ยงเทียนชัย,ยังดำเนินการอยู่
9,27,พลังศรัทธา,นาย,สมปอง,เพิ่มมูล,ยังดำเนินการอยู่
9,28,ประชาธิรรมไทย,นาย,รุ่งโรจน์,อิบรอฮีม,ยังดำเนินการอยู่
9,29,มหาชน,นาย,ฟ้าใส,บินสุมัน,ยังดำเนินการอยู่
9,30,ภาคีเครือข่ายไทย,นาง,กนกวรรณ,กล่ำเครือ,ยังดำเนินการอยู่
10,1,เพื่อไทย,นาย,การุณ,โหสกุล,ยังดำเนินการอยู่
10,2,ภูมิใจไทย,นางสาว,นิกกี้,จ้อยเอม,ยังดำเนินการอยู่
10,3,รวมพลังประชาชาติไทย,นางสาว,กัญญาภัค,ปัญญวัต,ยังดำเนินการอยู่
10,4,เสรีรวมไทย,นาย,เฉลิมพล,อุตรัตน์,ยังดำเนินการอยู่
10,5,ชาติพัฒนา,นาย,ชนภัทท์,จันทรุเบกษา,ยังดำเนินการอยู่
10,6,ชาติไทยพัฒนา,นาง,พนารัตน์,ยุกตานนท์,ยังดำเนินการอยู่
10,7,เพื่อชาติ,นางสาว,กุฎารัศมิ์,กุลฉัตร,ยังดำเนินการอยู่
10,8,ไทยศรีวิไลย์,ว่าที่ร้อยตรี,กุลเชษฐ,จีระออน,ยังดำเนินการอยู่
10,9,ประชาชนปฏิรูป,นาย,กนก,โพธิสุวรรณ,ยังดำเนินการอยู่
10,10,พลังท้องถิ่นไท,นาย,ชาลี,ชินรุจน์,ยังดำเนินการอยู่
10,11,ประชาธิปัตย์,นาย,ธัญญ์นิธิ,ชวรัตน์นิธิโชติ,ยังดำเนินการอยู่
10,12,ประชาชาติ,นาย,วัชรเดช,รูปขจร,ยังดำเนินการอยู่
10,13,พลังประชารัฐ,นาง,กนกนุช,กลิ่นสังข์,ยังดำเนินการอยู่
10,14,ประชาภิวัฒน์,นาย,ณฐกร,วรอุไร,ยังดำเนินการอยู่
10,15,สยามพัฒนา,นาวาอากาศตรี,สมศักดิ์,วัดสังข์,ยังดำเนินการอยู่
10,16,ประชานิยม,นาย,แพ,ทับทิมเพ็ชร,ยังดำเนินการอยู่
10,17,อนาคตใหม่,นาย,ธนากร,ชินอุดมพร,ยังดำเนินการอยู่
10,18,รักษ์ผืนป่าประเทศไทย,นาง,ทัศนีย์,พันธุ์เพียร,ยังดำเนินการอยู่
10,19,มติประชา,นาย,วินิต,รัตนวงศ์,ยังดำเนินการอยู่
10,20,พลังชาติไทย,นาย,โอวาท,พรหมพินิจ,ยังดำเนินการอยู่
10,21,เศรษฐกิจใหม่,นางสาว,ปภาวรินท์,กลิ่นฟุ้ง,ยังดำเนินการอยู่
10,22,ภราดรภาพ,นาย,ธกร,อำพันธ์เปรม,ยังดำเนินการอยู่
10,23,ครูไทยเพื่อประชาชน,นาวาอากาศโท,โกสิต,แหนผัน,ยังดำเนินการอยู่
10,24,ประชาธิปไตยใหม่,นาย,ปัณณวิชญ์,ไพเราะ,ยังดำเนินการอยู่
10,25,แผ่นดินธรรม,นาย,สุเมธ,พลศิริ,ยังดำเนินการอยู่
10,26,ประชาไทย,นาย,ภูวรา,มาตรศรี,ยังดำเนินการอยู่
10,27,ภาคีเครือข่ายไทย,นาย,ไพบูลย์,บรรจง,ยังดำเนินการอยู่
10,28,ประชาธรรมไทย,นาย,วิสายันต์,นีระวงศ์,ยังดำเนินการอยู่
10,29,ไทรักธรรม,นาย,วชิร,สถาวรัตนกุล,ยังดำเนินการอยู่
11,1,ประชาชาติ,นาย,อรรถภพ,ว่องธนวณิช,ยังดำเนินการอยู่
11,2,รวมพลังประชาชาติไทย,นาย,ธัชนนท์,สว่างศรี,ยังดำเนินการอยู่
11,3,ประชาภิวัฒน์,นาย,สำราญ,พีระเพ็ญกุล,ยังดำเนินการอยู่
11,4,เสรีรวมไทย,นาย,ชูเดช,พันทวี,ยังดำเนินการอยู่
11,5,พลังธรรมใหม่,นางสาว,พรทิพย์,ศรีสวัสดิ์,ยังดำเนินการอยู่
11,6,ชาติไทยพัฒนา,นาย,แปลก,มาลีสี,ยังดำเนินการอยู่
11,7,พลังประชารัฐ,นาย,อิทธิพัทธ์ ,เศรษฐยุกานนท์,ยังดำเนินการอยู่
11,8,ประชาธิปัตย์,นาย,สมชาย,วสารัชตระกูล,ยังดำเนินการอยู่
11,9,เพื่อชาติ,นาย,ภาคิน,นิธิโชติการ,ยังดำเนินการอยู่
11,10,ภูมิใจไทย,นาย,ฉัตรวัชร์ ,ศรีธนะเวทย์,ยังดำเนินการอยู่
11,11,ประชาชนปฏิรูป,นางสาว,สุมาตร ,จงนบกลาง,ยังดำเนินการอยู่
11,12,เพื่อไทย,นาวาอากาศเอก,อนุดิษฐ์ ,นาครทรรพ,ยังดำเนินการอยู่
11,13,อนาคตใหม่,นาย,นิกม์,แสงศิรินาวิน,ยังดำเนินการอยู่
11,14,พลังท้องถิ่นไท,นาย,ศักดิ์ชาย ,อินทะแพทย์,ยังดำเนินการอยู่
11,15,ชาติพัฒนา,พลโท,นุมนตรี ,วัฒนศิริ,ยังดำเนินการอยู่
11,16,ประชานิยม,นางสาว,ดุษฎี ,อังคณาวิศัลย์,ยังดำเนินการอยู่
11,17,พลังชาติไทย,นาย,กิตติภพ ,สิงอ่อน,ยังดำเนินการอยู่
11,18,ประชาธิปไตยใหม่,นาย,นวพัฒน์ ,มโนหวัน,ยังดำเนินการอยู่
11,19,เศรษฐกิจใหม่,นาย,สมชาย,ยนวิลาศ,ยังดำเนินการอยู่
11,20,พลังปวงชนไทย,นาย,กิตติธร,เตชะกฤตเมธีพงศ์,ยังดำเนินการอยู่
11,21,รักษ์ผืนป่าประเทศไทย,นาย,ธนนริศร์ ,ทิมทองกุลเสฏฐ์,ยังดำเนินการอยู่
11,22,ครูไทยเพื่อประชาชน,นาย,อำนาจ,สุดใจนาค,ยังดำเนินการอยู่
11,23,ไทยรักษาชาติ,นางสาว,ขัตติยดา,ไชยโย,ถูกศาลรัฐธรรมนูญสั่งยุบพรรค
11,24,ภราดรภาพ,นางสาว,ธันย์สิตา,ชัยภูวเวโรจน์,ยังดำเนินการอยู่
11,25,ประชาไทย,นางสาว,กัญญา,ปาลกะวงศ์ ณ อยุธยา,ยังดำเนินการอยู่
11,26,พลังไทสร้างชาติ,สิบเอก,สิทธิชัย,แสงพันธุ์,ยังดำเนินการอยู่
11,27,ประชาธรรมไทย,นางสาว,ทัศนีย์วรรณ,ชมดี,ยังดำเนินการอยู่
11,28,พลังศรัทธา,นาย,กษาปณ์ ,บริบูรณ์,ยังดำเนินการอยู่
11,29,สามัญชน,นาย,เอกวัฒน์ ,พิมพ์สวรรค์,ยังดำเนินการอยู่
11,30,ไทยศรีวิไลย์,นาย,สิริสุข ,จันทร์แดง,ยังดำเนินการอยู่
11,31,ภาคีเครือข่ายไทย,นางสาว,พิทยา,ชิดชูบัณฑิต,ยังดำเนินการอยู่
12,1,อนาคตใหม่,นาย,เอราวัณ,วานิชย์หานนท์,ยังดำเนินการอยู่
12,2,พลังธรรมใหม่,นาย,ณัฐดนัย,ชนิตร์วัฒน์,ยังดำเนินการอยู่
12,3,เพื่อชาติ,นาย,ปิยะพงษ์,สาครเย็น,ยังดำเนินการอยู่
12,4,รวมพลังประชาชาติไทย,นาย,ณัฐกร,มั่นจิตต์,ยังดำเนินการอยู่
12,5,ชาติพัฒนา,นาย,สมศักดิ์,ภมรเรวดี,ยังดำเนินการอยู่
12,6,ประชาธิปัตย์,นาย,รัฐพงศ์,ระหงษ์,ยังดำเนินการอยู่
12,7,ชาติไทยพัฒนา,นาง,วริยดา,สาสิงห์,ยังดำเนินการอยู่
12,8,เพื่อไทย,นาย,อนุสรณ์,ปั้นทอง,ยังดำเนินการอยู่
12,9,พลังท้องถิ่นไท,นาย,ประสพโชค,ธรรมรักษา,ยังดำเนินการอยู่
12,10,ประชาชาติ,นาย,มนตรี,บุญจรัส,ยังดำเนินการอยู่
12,11,ภูมิใจไทย,นางสาว,ปราณี,เชื้อเกตุ,ยังดำเนินการอยู่
12,12,พลังประชารัฐ,นางสาว,นพวรรณ,หัวใจมั่น,ยังดำเนินการอยู่
12,13,เสรีรวมไทย,นาย,ธนกฤต,ธนิศราพงศ์,ยังดำเนินการอยู่
12,14,รักษ์ผืนป่าประเทศไทย,นาย,สมบัติ,ตั้งก่อเกียรติ,ยังดำเนินการอยู่
12,15,มหาชน,นาง,ธีติมา,พวงเพชรลาภ,ยังดำเนินการอยู่
12,16,ประชาชนปฏิรูป,นาย,ปรีดา,ลิ้มนนทกุล,ยังดำเนินการอยู่
12,17,มติประชา,นางสาว,นาตยา ,มาลีแย้ม,ยังดำเนินการอยู่
12,18,ภราดรภาพ,นาย,เอนก,สนามชัย,ยังดำเนินการอยู่
12,19,เพื่อแผ่นดิน,นาง,พรตชนก,จินดาวรรณ,ยังดำเนินการอยู่
12,20,ประชานิยม,นาย,อัคราเชนทร์,ปิ่นวันนา,ยังดำเนินการอยู่
12,21,ประชาธิปไตยใหม่,นาย,อิทธิพงศ์,พงษ์สมบัติ,ยังดำเนินการอยู่
12,22,ทางเลือกใหม่,นาย,วชิระ,แซ่ตั้ง,ยังดำเนินการอยู่
12,23,พลังปวงชนไทย,นาย,กิตติพงศ์,ท่าพิกุล,ยังดำเนินการอยู่
12,24,เศรษฐกิจใหม่,นาย,วัชรินทร์,อนันต์หน่อ,ยังดำเนินการอยู่
12,25,พลังชาติไทย,นาย,สุชาติ,ตาคำ,ยังดำเนินการอยู่
12,26,ครูไทยเพื่อประชาชน,นางสาว,กนิษฐา,ทองอินทร์,ยังดำเนินการอยู่
12,27,พลังไทยรักไทย,นาง,วิมลทิพย์,มนมณีไทย,ยังดำเนินการอยู่
12,28,ประชาภิวัฒน์,นาย,ธนาวุฒิ,อาจจำเนียร,ยังดำเนินการอยู่
12,29,ประชาไทย,นาย,อนุภาพ,วรรณวิชิต,ยังดำเนินการอยู่
12,30,ประชาธรรมไทย,นาย,เดชาธร,รุ่งสว่างหิรัณย์,ยังดำเนินการอยู่
12,31,พลังไทสร้างชาติ,นาย,วิชัย,ศุขะพันธุ์,ยังดำเนินการอยู่
12,32,ประชากรไทย,นาย,สอาด,คงสกุล,ยังดำเนินการอยู่
12,33,ภาคีเครือข่ายไทย,นาง,สิริรัชช์กร,อริยธนันกร,ยังดำเนินการอยู่
13,1,เพื่อชาติ,นาง,พิมานมาศ ,ภิญญาวัฒน์,ยังดำเนินการอยู่
13,2,รวมพลังประชาชาติไทย,นาย,เกตินิคม ,กฤษณะเศรณี,ยังดำเนินการอยู่
13,3,เพื่อแผ่นดิน,นาย,อรรถ ,ชาญวิชัย,ยังดำเนินการอยู่
13,4,ชาติไทยพัฒนา,ร้อยตำรวจเอก,ศักดิ์ชัย,จีรพรชัย,ยังดำเนินการอยู่
13,5,เพื่อไทย,นาย,ตรีรัตน์,ศิริจันทโรภาส,ยังดำเนินการอยู่
13,6,ภูมิใจไทย,นาย,อัครกฤษ,นุ่นจันทร์,ยังดำเนินการอยู่
13,7,พลังธรรมใหม่,นาย,พรประชา,พรรษาสกุล,ยังดำเนินการอยู่
13,8,ประชาธิปัตย์,นาย,พริษฐ์ ,วัชรสินธุ,ยังดำเนินการอยู่
13,9,พลังประชารัฐ,นาย,ฐิติภัสร์ ,โชติเดชาชัยนันต์,ยังดำเนินการอยู่
13,10,อนาคตใหม่,นางสาว,ณิชชา,บุญลือ,ยังดำเนินการอยู่
13,11,ประชาภิวัฒน์,นาย,สมธีร์,แก้วกา,ยังดำเนินการอยู่
13,12,ชาติพัฒนา,นาย,พรเทพ,จันทรนิภ,ยังดำเนินการอยู่
13,13,พลังท้องถิ่นไท,นาย,กร,ศิรินาม,ยังดำเนินการอยู่
13,14,ประชาชาติ,นาง,วรลักษณ์,ศรีสอาด,ยังดำเนินการอยู่
13,15,ประชาชนปฏิรูป,นาย,ภัทรวรรธน์ ,ประวาหะนาวิน,ยังดำเนินการอยู่
13,16,รักษ์ผืนป่าประเทศไทย,นาย,อภินันท์,ปลอดเปลี่ยว,ยังดำเนินการอยู่
13,17,เสรีรวมไทย,นาย,เบญจรงค์,สวัสดิ์พาณิชย์,ยังดำเนินการอยู่
13,18,ภราดรภาพ,นาย,สรสัณห์,อาภาภิรม,ยังดำเนินการอยู่
13,19,ประชานิยม,นางสาว,ศิรินทร,อินทร,ยังดำเนินการอยู่
13,20,ประชาธิปไตยใหม่,นาง,สมยงค์,ชมภูวิเศษ,ยังดำเนินการอยู่
13,21,เศรษฐกิจใหม่,นาง,นิตยา,ชูกำเหนิด,ยังดำเนินการอยู่
13,22,ทางเลือกใหม่,นาย,อานนท์,ไชยดวง,ยังดำเนินการอยู่
13,23,ครูไทยเพื่อประชาชน,นาย,กิตติชัย,สิงหบุตร,ยังดำเนินการอยู่
13,24,พลังไทยรักไทย,นาย,ธนาวุฒิ,บุญฤทธิ์,ยังดำเนินการอยู่
13,25,พลังประชาธิปไตย,นาย,พิทักษ์,สุริยันต์,ยังดำเนินการอยู่
13,26,พลังชาติไทย,นาย,เลิศเดช,รักไทย,ยังดำเนินการอยู่
13,27,มหาชน,นาย,ธีรพัฒน์,บุญภิรักษ์,ยังดำเนินการอยู่
13,28,พลังปวงชนไทย,นาย,คมฐณิษฎ์ ,ภษิกุญ,ยังดำเนินการอยู่
13,29,พลเมืองไทย,นาย,เรวัต ,ปิยโชติสกุลชัย,ยังดำเนินการอยู่
13,30,ประชาธรรมไทย,นาย,จอมพจน์ ,สร้อยสุวรรณ,ยังดำเนินการอยู่
13,31,ไทรักธรรม,นาย,มนตรี ,ศิริวัฒนาวรากร,ยังดำเนินการอยู่
14,1,ประชาชาติ,นาย,สรายุทธ์,นาทะพันธ์,ยังดำเนินการอยู่
14,2,ภราดรภาพ,นางสาว,อัญชัญ,ชูสกุล,ยังดำเนินการอยู่
14,3,ประชาภิวัฒน์,นาง,ฉวีวรรณ,อิ่มชื่น,ยังดำเนินการอยู่
14,4,เสรีรวมไทย,นาย,ทัฬอิญ,จิรเปรมธนิก,ยังดำเนินการอยู่
14,5,เพื่อไทย,นาย,พลภูมิ,วิภัติภูมิประเทศ,ยังดำเนินการอยู่
14,6,ประชาธิปัตย์,นาย,พรพรหม,วิกิตเศรษฐ์,ยังดำเนินการอยู่
14,7,ชาติพัฒนา,นาย,ณปภัช,จำปา,ยังดำเนินการอยู่
14,8,ภูมิใจไทย,นาย,ชูชีพ,ตรีโภคา,ยังดำเนินการอยู่
14,9,พลังประชารัฐ,นาย,ณริช,ผลานุรักษา,ยังดำเนินการอยู่
14,10,อนาคตใหม่,นาย,ศุภชัย,กุลโชควณิช,ยังดำเนินการอยู่
14,11,ชาติไทยพัฒนา,นาย,ปองเดช,ภิรมย์,ยังดำเนินการอยู่
14,12,พลังธรรมใหม่,นาย,อำนวย,อินทสร,ยังดำเนินการอยู่
14,13,ประชาชนปฏิรูป,นาย,ประทีป,มุสิกชาติ,ยังดำเนินการอยู่
14,14,รวมพลังประชาชาติไทย,นาย,แมน,เจริญวัลย์,ยังดำเนินการอยู่
14,15,เพื่อชาติ,นาย,ชวิศ,ชุมพล,ยังดำเนินการอยู่
14,16,ไทยศรีวิไลย์,นาย,ตฤณธัป,เทพประสิทธิ์,ยังดำเนินการอยู่
14,17,มหาชน,นาย,ณัฐวรรธน์,ถิระวัฒน์,ยังดำเนินการอยู่
14,18,ประชานิยม,นาย,ธรรมศักดิ์,เติมจิตรอารีย์,ยังดำเนินการอยู่
14,19,รักษ์ผืนป่าประเทศไทย,ว่าที่ร้อยโท,วีรพล,วงษ์มะเซาะ,ยังดำเนินการอยู่
14,20,อนาคตไทย,นาย,ประวัติ,เทียนขุนทด,ยังดำเนินการอยู่
14,21,พลังประชาธิปไตย,นาย,พีราวิชญ์,ปัจฉิมนันท์,ยังดำเนินการอยู่
14,22,พลังชาติไทย,นาย,วีระ,อินทรโสภา,ยังดำเนินการอยู่
14,23,เศรษฐกิจใหม่,นาย,สุพจน์,อินทะสุข,ยังดำเนินการอยู่
14,24,ประชาธิปไตยใหม่,นาย,อภิรักษ์,เวียงพล,ยังดำเนินการอยู่
14,25,พลังท้องถิ่นไท,นาง,ชิดชนก,รัตนวราหะ,ยังดำเนินการอยู่
14,26,ครูไทยเพื่อประชาชน,นาย,ธนพัต,สารกิจอาภา,ยังดำเนินการอยู่
14,27,เพื่อนไทย,นาย,สราวุธ,สุวิทยารัตน์,ยังดำเนินการอยู่
14,28,พลังไทสร้างชาติ,นางสาว,พิสมัย,ศุขะพันธุ์,ยังดำเนินการอยู่
14,29,พลเมืองไทย,นางสาว,จิตติมา,หมั่นดี,ยังดำเนินการอยู่
14,30,ประชาธรรมไทย,นาย,รัชธิวรรษ์,รุ่งธีรกุล,ยังดำเนินการอยู่
14,31,ภาคีเครือข่ายไทย,นางสาว,พรรณี,จิตตะ,ยังดำเนินการอยู่
14,32,ถิ่นกาขาวชาววิไล,นาย,กันตพงศ์,คลอวุฒิวัฒน์,ยังดำเนินการอยู่
14,33,พลเมืองไทย,นางสาว,จิตติมา,หมั่นดี,ยังดำเนินการอยู่
15,1,ประชาธิปัตย์,นาย,ธนัตถ์,ธนากิจอำนวย,ยังดำเนินการอยู่
15,2,อนาคตใหม่,นาย,อิงควัศ,อมาตยกุล,ยังดำเนินการอยู่
15,3,พลังท้องถิ่นไท,นางสาว,กัญญฌัช,พรารักษ์,ยังดำเนินการอยู่
15,4,ประชานิยม,นาย,สุรินทร์,งามขำ,ยังดำเนินการอยู่
15,5,ประชาภิวัฒน์,ว่าที่ร้อยตรี,ศิริชัย,เอมสอาด,ยังดำเนินการอยู่
15,6,เพื่อไทย,นาย,วิชาญ,มีนชัยนันท์,ยังดำเนินการอยู่
15,7,ภูมิใจไทย,นาย,พงศ์ไพศาล,มะลูลีม,ยังดำเนินการอยู่
15,8,เพื่อชาติ,นาย,สำคัญต่อชาติ,เอี่ยมอ่ำ,ยังดำเนินการอยู่
15,9,ชาติพัฒนา,นาย,กันตชนม์,ศิวะพิมล,ยังดำเนินการอยู่
15,10,ประชาชนปฏิรูป,นาย,พัลลภ,มีพันธ์,ยังดำเนินการอยู่
15,11,ประชาชาติ,นาง,ทัศนีย์,ชลายนเดชะ,ยังดำเนินการอยู่
15,12,พลังประชารัฐ,นาย,ชาญวิทย์,วิภูศิริ,ยังดำเนินการอยู่
15,13,เสรีรวมไทย,นาย,คณิต,สุขรัตน์,ยังดำเนินการอยู่
15,14,ชาติไทยพัฒนา,นาย,กอบชัย,ซาบุตร,ยังดำเนินการอยู่
15,15,ไทยศรีวิไลย์,นาย,บัณฑิตพงศ์,พรพิรุณ,ยังดำเนินการอยู่
15,16,รวมพลังประชาชาติไทย,นางสาว,ภัทพร,ธนวัฒน์ธาดา,ยังดำเนินการอยู่
15,17,พลังประชาธิปไตย,นาย,ณรงค์,วงศ์แดง,ยังดำเนินการอยู่
15,18,ประชาธิปไตยใหม่,นาง,พรศิริ,จตุรพิพิธพรชัย,ยังดำเนินการอยู่
15,19,รักษ์ผืนป่าประเทศไทย,นาง,พรรณภา,กั้วพิศมัย,ยังดำเนินการอยู่
15,20,เศรษฐกิจใหม่,นาย,วุฒิชัย,จุลวงศ์,ยังดำเนินการอยู่
15,21,พลังปวงชนไทย,นาย,ชัยพงษ์,นาสวัสดิ์,ยังดำเนินการอยู่
15,22,พลังชาติไทย,นางสาว,ปณัฎฎา,อิลาชาน,ยังดำเนินการอยู่
15,23,ครูไทยเพื่อประชาชน,นาย,ธน,สารกิจอาภา,ยังดำเนินการอยู่
15,24,พลังสังคม,นาย,สัจจวัฒน์,แป้นประเสริฐ,ยังดำเนินการอยู่
15,25,กลาง,นางสาว,สุรัสวดี,ตรีเหรา,ยังดำเนินการอยู่
15,26,มหาชน,นางสาว,กัญรภัส,ด้วงมหาสอน,ยังดำเนินการอยู่
15,27,พลังรัก,นาย,ภิรมย์,หัทยานนท์,ยังดำเนินการอยู่
15,28,พลเมืองไทย,นางสาว,พิมพ์ลดา,จันทร์ศิริสกุล,ยังดำเนินการอยู่
15,29,ภราดรภาพ,นางสาว,อิสรีย์,โชติพันธุ์,ยังดำเนินการอยู่
15,30,ภาคีเครือข่ายไทย,นาย,สุริยา,จันทรเสนา,ยังดำเนินการอยู่
15,31,ถิ่นกาขาวชาววิไล,นาย,สุชาติ,สามสี,ยังดำเนินการอยู่
15,32,ไทรักธรรม,นางสาว,เสาวลักษณ์,เทศชาติ,ยังดำเนินการอยู่
16,1,ประชาชาติ,นาย,ฐาคณิษฐ์,พรทองประเสริฐ,ยังดำเนินการอยู่
16,2,ภราดรภาพ,นาย,นพฤทธิ์,แพทยานนท์,ยังดำเนินการอยู่
16,3,ชาติไทยพัฒนา,นาย,เทวา,ปาลกะวงศ์ ณ อยุธยา,ยังดำเนินการอยู่
16,4,ภูมิใจไทย,นาย,บุญมี,พิบูลย์คณารักษ์,ยังดำเนินการอยู่
16,5,เสรีรวมไทย,นาย,นิพัทธ์พนธ์,สุวรรณชนะ,ยังดำเนินการอยู่
16,6,เพื่อไทย,นาย,จิรายุ,ห่วงทรัพย์,ยังดำเนินการอยู่
16,7,ประชาชนปฏิรูป,นาย,ธนพล,นิมิตตานนท์,ยังดำเนินการอยู่
16,8,ประชาภิวัฒน์,ว่าที่ร้อยตำรวจตรี,กอบโชค,บุญจันทร์,ยังดำเนินการอยู่
16,9,ชาติพัฒนา,นาย,ปริญญา,มานวงค์,ยังดำเนินการอยู่
16,10,รวมพลังประชาชาติไทย,นาย,กิตติศักดิ์,ทาทิพย์,ยังดำเนินการอยู่
16,11,พลังประชารัฐ,นางสาว,เกศกานดา,อินช่วย,ยังดำเนินการอยู่
16,12,ประชาธิปัตย์,นาง,ฮูวัยดีย๊ะ,พิศสุวรรณ,ยังดำเนินการอยู่
16,13,อนาคตใหม่,นาย,วาทิศ,ธนกิจกาศมณี,ยังดำเนินการอยู่
16,14,พลังท้องถิ่นไท,นาย,ธนพล,ธราพร,ยังดำเนินการอยู่
16,15,ถิ่นกาขาวชาววิไล,นาง,รุ่งฤดี,กิตธารเมธี,ยังดำเนินการอยู่
16,16,รักษ์ผืนป่าประเทศไทย,นางสาว,ทัดดาว,พุ่มสอาด,ยังดำเนินการอยู่
16,17,เพื่อชาติ,นาย,เตชะธร,สุขชัยศรี,ยังดำเนินการอยู่
16,18,ประชานิยม,นางสาว,รสริน,วงค์เมตตา,ยังดำเนินการอยู่
16,19,พลังชาติไทย,นาย,สุรกฤษฏิ์,มาลีสี,ยังดำเนินการอยู่
16,20,พลังไทยรักชาติ,นาย,สาคเรศ,แป้นบางนา,ยังดำเนินการอยู่
16,21,พลังปวงชนไทย,นาง,ณัฐสิตาพัชร,แก้วก่า,ยังดำเนินการอยู่
16,22,เศรษฐกิจใหม่,นาวาอากาศเอกพิเศษ,ผดุง,แสนสุข,ยังดำเนินการอยู่
16,23,ประชาธิปไตยใหม่,นาย,ศุภโชค,มุ่งดี,ยังดำเนินการอยู่
16,24,ครูไทยเพื่อประชาชน,นางสาว,ณัฏฐ์รดา,ประเสริฐธิติพร,ยังดำเนินการอยู่
16,25,พลังไทยรักไทย,นางสาว,จารุพรรณ,แซ่เบ๊,ยังดำเนินการอยู่
16,26,แผ่นดินธรรม,นางสาว,สุพรรณพิมพ์,เสนาะพิน,ยังดำเนินการอยู่
16,27,มหาชน,นาย,พรชัย,พยนต์ภาค,ยังดำเนินการอยู่
16,28,พลังธรรมใหม่,ร้อยตำรวจตรี,รัชต์ทพงษ์,โพธิ์ชัยจตุภัทร,ยังดำเนินการอยู่
16,29,พลังไทสร้างชาติ,นาง,ณัฐมน,เจียมจิรอานนท์,ยังดำเนินการอยู่
16,30,ประชาธรรมไทย,นาย,สมเนศ,พงค์เกื้อ,ยังดำเนินการอยู่
16,31,ภาคีเครือข่ายไทย,นางสาว,มิณชิตา,รุ่งรัตน์ธร,ยังดำเนินการอยู่
17,1,อนาคตใหม่,นางสาว,จุฬาลักษณ์,รุ่งเรืองมงคล,ยังดำเนินการอยู่
17,2,พลังปวงชนไทย,นาย,เทเวศวร์,ทองศรี,ยังดำเนินการอยู่
17,3,พลังประชาธิปไตย,นาย,ชุมพล,พุฒซ้อน,ยังดำเนินการอยู่
17,4,รวมพลังประชาชาติไทย,นาย,วสันต์,มีวงษ์,ยังดำเนินการอยู่
17,5,รักษ์ผืนป่าประเทศไทย,นาย,สมัย,เปลี่ยนเดชา,ยังดำเนินการอยู่
17,6,ประชาธิปัตย์,นางสาว,เบญญาภา,เกษประดิษฐ,ยังดำเนินการอยู่
17,7,เสรีรวมไทย,นาย,เสนาะ,เพ็ชบุรี,ยังดำเนินการอยู่
17,8,ภูมิใจไทย,นาย,สุรชัย,เปล่งแสง,ยังดำเนินการอยู่
17,9,เพื่อไทย,นาย,พโรจน์,อิสระเสรีพงษ์,ยังดำเนินการอยู่
17,10,พลังประชารัฐ,นาย,ศิริพงษ์,รัสมี,ยังดำเนินการอยู่
17,11,พลังธรรมใหม่,นาย,พูนลาภ,สุมะนะ,ยังดำเนินการอยู่
17,12,ประชาชนปฏิรูป,นาย,ภูวกร,รัตนพานิช,ยังดำเนินการอยู่
17,13,ชาติพัฒนา,นาย,ชัชชัย,ธรรมแสงสีเงิน,ยังดำเนินการอยู่
17,14,พลังท้องถิ่นไท,นาง,บุษบา,พุ่มพวง,ยังดำเนินการอยู่
17,15,ประชานิยม,นาย,วิภาค,ตันติกิจชาญชัย,ยังดำเนินการอยู่
17,16,ชาติไทยพัฒนา,นาย,อวยชัย,ปิยธรรมชัย,ยังดำเนินการอยู่
17,17,เพื่อชาติ,นาย,พชรพงษ์,พงษ์สิทธิศักดิ์,ยังดำเนินการอยู่
17,18,ไทยศรีวิไลย์,นาย,ธนวัฒน์,พุกอุย,ยังดำเนินการอยู่
17,19,ภราดรภาพ,นางสาว,พลอยปภัค,เจนวิวัฒน์สกุล,ยังดำเนินการอยู่
17,20,ประชาชาติ,นาย,วัฒนโชติ,เจริญวงษ์,ยังดำเนินการอยู่
17,21,พลังไทยรักชาติ,นาย,โรจน์ภูริจินดา,สหฐานมณี,ยังดำเนินการอยู่
17,22,ประชาธิปไตยใหม่,นาง,วารี,หงษ์กลาง,ยังดำเนินการอยู่
17,23,พลังชาติไทย,นาย,สุรพล,โชติช่วง,ยังดำเนินการอยู่
17,24,ครูไทยเพื่อประชาชน,นางสาว,สุกัญญา,อินมณเฑียร,ยังดำเนินการอยู่
17,25,ประชากรไทย,นาง,กุสุมา,เด่นเจริญ,ยังดำเนินการอยู่
17,26,เศรษฐกิจใหม่,นาย,ถนอม,หนวดงาม,ยังดำเนินการอยู่
17,27,ประชาภิวัฒน์,นาง,เบญจพรรณ,นิวัติศัยวงศ์,ยังดำเนินการอยู่
17,28,พลังไทสร้างชาติ,นาย,ธนดล,จันทร์สุนทร,ยังดำเนินการอยู่
17,29,กลาง,นาย,กัณฑ์,พรหมสุวรรณ์,ยังดำเนินการอยู่
17,30,ประชาธรรมไทย,นาย,สุรชัย,บัวเจริญ,ยังดำเนินการอยู่
17,31,มหาชน,นางสาว,อิษยา,ทิพย์สุโข,ยังดำเนินการอยู่
17,32,พลเมืองไทย,นาง,นภาพร,วัฒนสิงหะ,ยังดำเนินการอยู่
17,33,แทนคุณแผ่นดิน,นาง,กนกวรรณ,กลิ่นสาท,ยังดำเนินการอยู่
17,34,ภาคีเครือข่ายไทย,นางสาว,นิตยา,ทองอ้ม,ยังดำเนินการอยู่
17,35,ถิ่นกาขาวชาววิไล,นาย,ชนะโชค,ศรีสุวรรณรัตน์,ยังดำเนินการอยู่
17,36,ไทรักธรรม,นางสาว,ศุภกรชนา,จำปาแก้ว,ยังดำเนินการอยู่
18,1,พลังประชารัฐ,นาย,วิสูตร,สำเร็จวาณิชย์,ยังดำเนินการอยู่
18,2,เสรีรวมไทย,นาย,วันชัย,รัตนขจรไชย,ยังดำเนินการอยู่
18,3,ชาติไทยพัฒนา,นาย,เชาวฤทธิ์,ทรงนวรัตน์,ยังดำเนินการอยู่
18,4,ประชาชาติ,นาย,ธนวัฒน์,ศรีสุข,ยังดำเนินการอยู่
18,5,พลังท้องถิ่นไท,นาวาอากาศตรี,ปุญณัฐส์,นำพา,ยังดำเนินการอยู่
18,6,รักษ์ผืนป่าประเทศไทย,นาย,บุญเกิด,โรจนดิษฐ์,ยังดำเนินการอยู่
18,7,พลังธรรมใหม่,นาย,พุฒิพรชัย,พัฒนาบุญไพบูลย์,ยังดำเนินการอยู่
18,8,ภูมิใจไทย,นาย,สมศักดิ์ ,ศรีสมุทร์,ยังดำเนินการอยู่
18,9,ประชาธิปัตย์,นาย,อนันต์,ฤกษ์ดี,ยังดำเนินการอยู่
18,10,ชาติพัฒนา,นาย,ณเดโช,ตันต้นตระกูล,ยังดำเนินการอยู่
18,11,อนาคตใหม่,นาย,เอกฤทธิ ,เจียกขจร,ยังดำเนินการอยู่
18,12,ประชาภิวัฒน์,นาย,มัธชัยยะ,อุ่นซิม,ยังดำเนินการอยู่
18,13,เพื่อชาติ,นาย,สนองพล,การะเกษ,ยังดำเนินการอยู่
18,14,รวมพลังประชาชาติไทย,นาย,สุเทพ,บรรจง,ยังดำเนินการอยู่
18,15,เพื่อไทย,นางสาว,ธีรรัตน์,สำเร็จวาณิชย์,ยังดำเนินการอยู่
18,16,ประชานิยม,นาย,กันตพงศ์,เกิดเจริญ,ยังดำเนินการอยู่
18,17,ประชาธิิปไตยใหม่,นางสาว,สิรพัชร ,ชมภูวิเศษ,ยังดำเนินการอยู่
18,18,ภราดรภาพ,นาย,ถนอมชัย,เลิศลักขณากุล,ยังดำเนินการอยู่
18,19,ประชาชนปฏิรูป,นางสาว,ปิ่นญาภรณ์ ,บารมีนิธิวัฒน์,ยังดำเนินการอยู่
18,20,พลังชาติไทย,นาย,สมประสงค์,ผดุงตระกูล,ยังดำเนินการอยู่
18,21,ครูไทยเพื่อประชาชน,นาย,สุรสีห์,ธรรมวงษ์ศา,ยังดำเนินการอยู่
18,22,ไทยศรีวิไลย์,นาย,อนันต์ ,หลงพันธ์,ยังดำเนินการอยู่
18,23,พลังไทสร้างชาติ,นาง,สิริกร,ชัยรัตน์,ยังดำเนินการอยู่
18,24,ประชาธรรมไทย,นาย,ไสว,เงินสยาม,ยังดำเนินการอยู่
18,25,พลเมืองไทย,นางสาว,พิมพ์นุชา,ธรรมโชติ,ยังดำเนินการอยู่
18,26,มหาชน,นาง,ยุพวรรณ,รักติประกร,ยังดำเนินการอยู่
18,27,ภาคีเครือข่ายไทย,นางสาว,วิไล,ชื่นชม,ยังดำเนินการอยู่
18,28,ไทรักธรรม,นางสาว,ภูษณิศา,นิ่มเจริญ,ยังดำเนินการอยู่
18,29,เศรษฐกิจใหม่,นางสาว,พิมพ์ชยา,สุรสาระพันธุ์,ยังดำเนินการอยู่
19,1,เพื่อไทย,นาย,วิตต์,ก้องธรนินทร์,ยังดำเนินการอยู่
19,2,ประชาภิวัฒน์,นาย,แมน,สมจิตต์,ยังดำเนินการอยู่
19,3,อนาคตใหม่,นาย,สุรกฤณ,ลิมปรัทกาญจนา,ยังดำเนินการอยู่
19,4,เพื่อแผ่นดิน,นาย,วันชัย,รัตนเมธีดล,ยังดำเนินการอยู่
19,5,รวมพลังประชาชาติไทย,นาย,ปราโมทย์,บุญชู,ยังดำเนินการอยู่
19,6,เพื่อชาติ,นาย,ตะวัน,กาญจนะโกมล,ยังดำเนินการอยู่
19,7,ชาติไทยพัฒนา,นาย,นพดล,วรศรี,ยังดำเนินการอยู่
19,8,ภูมิใจไทย,นาย,สามารถ,หวังพิทักษ์,ยังดำเนินการอยู่
19,9,พลังประชารัฐ,นาย,ประสิทธิ์,มะหะหมัด,ยังดำเนินการอยู่
19,10,ชาติพัฒนา,นาง,เขมจิรา,พชรจรวยพร,ยังดำเนินการอยู่
19,11,รักษ์ผืนป่าประเทศไทย,นางสาว,มัทนา,ศรีกระจ่าง,ยังดำเนินการอยู่
19,12,ประชาชนปฏิรูป,นาง,คำออน,แก้วอินศรี,ยังดำเนินการอยู่
19,13,พลังธรรมใหม่,นาย,ทวี,พัฒนาบุญไพบูลย์,ยังดำเนินการอยู่
19,14,ประชาธิปัตย์,นาง,นาถยา,แดงบุหงา,ยังดำเนินการอยู่
19,15,พลังท้องถิ่นไท,นาย,ไพฑูรย์,ดาณีสมัน,ยังดำเนินการอยู่
19,16,เสรีรวมไทย,นาย,ปรีชาชัย,พิพรรธน์ธนาดุล,ยังดำเนินการอยู่
19,17,ประชาชาติ,นาย,มูฮัมหมัดรุสดี,เชคฮารูณ,ยังดำเนินการอยู่
19,18,ภราดรภาพ,นาย,ไชยพร,พรตรีสัตย์,ยังดำเนินการอยู่
19,19,ประชานิยม,นางสาว,รุ่งทิวา,อำนวยพร,ยังดำเนินการอยู่
19,20,เศรษฐกิจใหม่,นาง,อาศิระ,ประวัติยากูร,ยังดำเนินการอยู่
19,21,ครูไทยเพื่อประชาชน,นาย,ชาย,โมระศิลปิน,ยังดำเนินการอยู่
19,22,พลังไทยรักไทย,นาง,สุภาวดี,บางใหญ่,ยังดำเนินการอยู่
19,23,มหาชน,นาย,วีระ,เชื้อนุ่น,ยังดำเนินการอยู่
19,24,ประชาธิปไตยใหม่,นาย,ศรศิลป์,สายตา,ยังดำเนินการอยู่
19,25,พลังชาติไทย,นาย,บวรวิช,รักไทย,ยังดำเนินการอยู่
19,26,พลเมืองไทย,นาย,ธีรเสฏฐ์,เนตรทอง,ยังดำเนินการอยู่
19,27,ภาคีเครือข่ายไทย,นาย,ทัตเทพ,รติภูมิ,ยังดำเนินการอยู่
19,28,ประชาธรรมไทย,นางสาว,ปริญสิรา,สังข์อ่ำ,ยังดำเนินการอยู่
19,29,พลังไทสร้างชาติ,นาย,มารุด,ปาทาน,ยังดำเนินการอยู่
19,30,ไทรักธรรม,นาง,ยุพิน,คงแก้ว,ยังดำเนินการอยู่
20,1,เพื่อชาติ,นางสาว,นภาพัฒน์,เอนกพงษ์,ยังดำเนินการอยู่
20,2,อนาคตใหม่,นาย,มณฑล,โพธิ์คาย,ยังดำเนินการอยู่
20,3,เสรีรวมไทย,นาย,ศตคุณ,จูฑะพุทธิ,ยังดำเนินการอยู่
20,4,ประชาภิวัฒน์,นาย,อธิภพ,บัวเผื่อน,ยังดำเนินการอยู่
20,5,รักษ์ผืนป่าประเทศไทย,นาย,ณฐกร,แพรไพศาล,ยังดำเนินการอยู่
20,6,พลังประชารัฐ,นาย,ธันวา,ไกรฤกษ์,ยังดำเนินการอยู่
20,7,ไทยรักษาชาติ,นาย,ธกร,เลาหพงศ์ชนะ,ถูกศาลรัฐธรรมนูญสั่งยุบพรรค
20,8,รวมพลังประชาชาติไทย,นาย,ณรงค์,จงแจ่มฟ้า,ยังดำเนินการอยู่
20,9,ชาติพัฒนา,นาย,พงษ์สวัสดิ์,วงศ์ธีระสูตร,ยังดำเนินการอยู่
20,10,ประชาชนปฏิรูป,นาย,บัญญัติ,ทองประสงค์,ยังดำเนินการอยู่
20,11,ประชาธิปัตย์,นาย,สามารถ,มะลูลีม,ยังดำเนินการอยู่
20,12,ประชาชาติ,นาย,ตอฮา,นาคนาวา,ยังดำเนินการอยู่
20,13,ภูมิใจไทย,นาย,ณัทวุฒิ,หมัดนุรักษ์,ยังดำเนินการอยู่
20,14,ชาติไทยพัฒนา,นาย,วรทัศน์,ทิมกระจ่าง,ยังดำเนินการอยู่
20,15,พลังท้องถิ่นไท,นาย,ภูมิเศรษฐ,พุทธวงศ์,ยังดำเนินการอยู่
20,16,มหาชน,นาย,ทินนาถ,วัฒนวิทย์,ยังดำเนินการอยู่
20,17,ประชาธิปไตยใหม่,นางสาว,นฤมล,ถึกวิถาน,ยังดำเนินการอยู่
20,18,พลังชาติไทย,นาย,สอาด,อาจวงษ์,ยังดำเนินการอยู่
20,19,ประชานิยม,นาย,ธนัท,วงษ์วานิชขจร,ยังดำเนินการอยู่
20,20,ถิ่นกาขาวชาววิไล,นาง,จิรดา,พุฒตาล,ยังดำเนินการอยู่
20,21,พลังไทยรักไทย,นาย,ศักดิ์สิทธิ์,มงคล,ยังดำเนินการอยู่
20,22,พลังไทสร้างชาติ,นาง,ดุริยา,เสนาะยนต์,ยังดำเนินการอยู่
20,23,เศรษฐกิจใหม่,นางสาว,ทิพยวรรณ,แสงสาคร,ยังดำเนินการอยู่
20,24,ประชาธรรมไทย,นาย,ศราวุธ,นาวากิจกุล,ยังดำเนินการอยู่
20,25,ครูไทยเพื่อประชาชน,นางสาว,ศศิมา,โรจนรัตน์,ยังดำเนินการอยู่
20,26,แผ่นดินธรรม,นาย,สัญญา,พุทธเจริญลาภ,ยังดำเนินการอยู่
20,27,ภาคีเครือข่ายไทย,นาย,เสฎฐวุฒิ,แซ่อึ้ง,ยังดำเนินการอยู่
20,28,พลเมืองไทย,นาย,จักรกฤษ,ขันอาสา,ยังดำเนินการอยู่
20,29,ภราดรภาพ,นาย,สมใจ,ชื่นศรีสว่าง,ยังดำเนินการอยู่
20,30,กลาง,นาย,เผ่าชนะ,ชูเวช,ยังดำเนินการอยู่
20,31,ไทรักธรรม,นาย,กิตติธัช,ณรงค์ชัย,ยังดำเนินการอยู่
21,1,เพื่อชาติ,นางสาว,ณัฐภัสสร,ธนาบวรพาณิชย์,ยังดำเนินการอยู่
21,2,พลังประชารัฐ,นางสาว,จักรีรัตน์,แสงวารี,ยังดำเนินการอยู่
21,3,ชาติไทยพัฒนา,นางสาว,วาสนา,คร้ามวงษ์,ยังดำเนินการอยู่
21,4,พลังธรรมใหม่,นาย,ศุภโชติ,บริสุทธิ์พงศ์,ยังดำเนินการอยู่
21,5,อนาคตใหม่,นาย,สมเกียรติ,ถนอมสินธุ์,ยังดำเนินการอยู่
21,6,ประชาธิปัตย์,นาย,สุทธิ,ปัญญาสกุลวงศ์,ยังดำเนินการอยู่
21,7,ประชาชาติ,นาย,ทวีพงศ์,สุธรรมพันธุ์,ยังดำเนินการอยู่
21,8,ภูมิใจไทย,นาย,สมัย,โกกเจริญพงศ์,ยังดำเนินการอยู่
21,9,เสรีรวมไทย,นาย,ศิวโรจณ์,แสงจรัสโชติ,ยังดำเนินการอยู่
21,10,ประชาชนปฏิรูป,นาง,นัทธมน,จิระคุณ,ยังดำเนินการอยู่
21,11,ประชาภิวัฒน์,นาย,ชยุต,ฐิติทรงภพ,ยังดำเนินการอยู่
21,12,ไทยรักษาชาติ,นาย,กวีวงศ์,อยู่วิจิตร,ถูกศาลรัฐธรรมนูญสั่งยุบพรรค
21,13,ประชานิยม,นางสาว,ชัญญา,พงศ์ผลิน,ยังดำเนินการอยู่
21,14,รักษ์ผืนป่าประเทศไทย,นางสาว,สวิชญา,วาทะพุกกะณะ,ยังดำเนินการอยู่
21,15,รวมพลังประชาชาติไทย,นาย,ศิรพัศ,ปัญญาทวีกูล,ยังดำเนินการอยู่
21,16,กลาง,นางสาว,บุญเรือง,คำศิลา,ยังดำเนินการอยู่
21,17,เศรษฐกิจใหม่,นางสาว,ณัฏฐิยา,จยะสกุล,ยังดำเนินการอยู่
21,18,ชาติพัฒนา,นางสาว,ไพลิน,ชดช้อย,ยังดำเนินการอยู่
21,19,พลังชาติไทย,นาย,คมค์ปภัส,ตั้งธนสิรินนท์,ยังดำเนินการอยู่
21,20,ครูไทยเพื่อประชาชน,นาย,สุริยา,เรียนสร้อย,ยังดำเนินการอยู่
21,21,พลังท้องถิ่นไท,นาง,มนิดา,ศิริชัยประเสริฐ,ยังดำเนินการอยู่
21,22,มหาชน,นาย,ณัฐพล,ยังน้อย,ยังดำเนินการอยู่
21,23,ภราดรภาพ,นางสาว,ณัฐวลัย,เนียนขาว,ยังดำเนินการอยู่
21,24,ประชาธิปไตยใหม่,นาย,ทศพล,ธรรมธนิศา,ยังดำเนินการอยู่
21,25,พลังไทสร้างชาติ,นางสาว,รุ่งทิพย์,กุฎาธารพันธุ์,ยังดำเนินการอยู่
21,26,ภาคีเครือข่ายไทย,นางสาว,แคทลียา,หลุยส์ รีด,ยังดำเนินการอยู่
21,27,พลเมืองไทย,นางสาว,วนิดา,แจ่มแจ้ง,ยังดำเนินการอยู่
22,1,พลังท้องถิ่นไท,นาย,โชคชัย,อินทรประเสริฐ,ยังดำเนินการอยู่
22,2,รวมพลังประชาชาติไทย,นาย,ฤทธิ์กร,เทศน์สาลี,ยังดำเนินการอยู่
22,3,ทางเลือกใหม่,นาย,สมชาย,จรุญวงษ์,ยังดำเนินการอยู่
22,4,เสรีรวมไทย,นาย,วันชัย,ชัยณรงค์โลกา,ยังดำเนินการอยู่
22,5,ชาติไทยพัฒนา,นาย,จิรเสกข์ ,วัฒนมงคล,ยังดำเนินการอยู่
22,6,ประชาชาติ,พันตำรวจโท,วัลลภ,ณ นคร,ยังดำเนินการอยู่
22,7,อนาคตใหม่,นาย,เท่าพิภพ,ลิ้มจิตรกร,ยังดำเนินการอยู่
22,8,ไทยศรีวิไลย์,นาย,อโนชา,สกุลธนพันธ์,ยังดำเนินการอยู่
22,9,ชาติพัฒนา,นาย,สุรพล,เมฆะอำนวยชัย,ยังดำเนินการอยู่
22,10,ไทยรักษาชาติ,นาง,สราริน,ชาลีวรรณ,ถูกศาลรัฐธรรมนูญสั่งยุบพรรค
22,11,ปพลังประชารัฐ,นาย,ศันสนะ,สุริยะโยธิน,ยังดำเนินการอยู่
22,12,ประชาภิวัฒน์,ร้อยตำรวจโท,บุณทวี,คณโฑแก้ว,ยังดำเนินการอยู่
22,13,ภูมิใจไทย,นางสาว,สายรุ้ง,ปิ่นโมรา,ยังดำเนินการอยู่
22,14,ประชาธิปัตย์,นาย,สรุรันต์,จันทร์พิทักษ์,ยังดำเนินการอยู่
22,15,เพื่อชาติ,เรือเอก,สำรวม,บุญทัน,ยังดำเนินการอยู่
22,16,แผ่นดินธรรม,นาย,มนต์สัณฑ์,อิรรถปรีชาพล,ยังดำเนินการอยู่
22,17,รักษ์ผืนป่าประเทศไทย,นาย,จุมพฏ กระบวนยุทธ ,เลขะพันธุ์,ยังดำเนินการอยู่
22,18,ประชานิยม,นางสาว,กวินรัตน์,หิรัญศิริภาคย์,ยังดำเนินการอยู่
22,19,ภราดรภาพ,นางสาว,กุลภัสสรณ์,ฤกษ์ศิริรัตน์,ยังดำเนินการอยู่
22,20,กลาง,นาง,จันทนา,แสนสำราญ,ยังดำเนินการอยู่
22,21,ประชาชนปฏิรูป,นาย,เปรม,ซิงห์กิล,ยังดำเนินการอยู่
22,22,พลังปวงชนไทย,นาย,นัทธพงศ์ ,ธรรมวณิช,ยังดำเนินการอยู่
22,23,เศรษฐกิจใหม่,นาย,สุภกิจ ,สุรจินตนาภรณ์,ยังดำเนินการอยู่
22,24,พลังชาติไทย,นาย,ทวิชนม์ ,สกุลกัน,ยังดำเนินการอยู่
22,25,ครูไทยเพื่อประชาชน,นางสาว,สิริการย์,วสุภิรมย์เมธี,ยังดำเนินการอยู่
22,26,พลังไทสร้างชาติ,นาย,ทวี,สูงหางหว้า,ยังดำเนินการอยู่
22,27,ประชาธิรรมไทย,นาย,ดนุวัศ ,จินดาทวีภัทร,ยังดำเนินการอยู่
22,28,พลเมืองไทย,นางสาว,ลัคนา,สฤษฎิ์สุข,ยังดำเนินการอยู่
22,29,มหาชน,นาง,ลาวัลย์,ชุมสาย ณ อยุธยา,ยังดำเนินการอยู่
22,30,ภาคีเครือข่ายไทย,นาง,ภัคจิรา ,บุณยเพ็ญ,ยังดำเนินการอยู่
22,31,ถิ่นกาขาวชาววิไล,นาง,ภัทรานิษฐ์ ,คลอวุฒิวัฒน์,ยังดำเนินการอยู่
22,32,สามัญชน,นางสาว,ชุมาพร,แต่งเกลี้ยง,ยังดำเนินการอยู่
23,1,อนาคตใหม่,นาย,โชติพิพัฒน์,เตชะโสภณมณี,ยังดำเนินการอยู่
23,2,ภราดรภาพ,นาย,อัครกิตติ์,ซิ้มเจริญ,ยังดำเนินการอยู่
23,3,ภูมิใจไทย,นาย,สุวัฒน์,ม่วงศิริ,ยังดำเนินการอยู่
23,4,ประชาธิปัตย์,นาง,นันทพร,วีรกุลสุนทร,ยังดำเนินการอยู่
23,5,พลังประชารัฐ,นางสาว,ทิพานัน,ศิริชนะ,ยังดำเนินการอยู่
23,6,เพื่อไทย,นาย,ธวัชชัย,ทองสิมา,ยังดำเนินการอยู่
23,7,ประชาชาติ,นาย,ศิวะศักย์,แนวจันทร์,ยังดำเนินการอยู่
23,8,เพื่อชาติ,นาย,สินธิชัย,บุญประกอบ,ยังดำเนินการอยู่
23,9,รวมพลังประชาชาติไทย,นาย,วีระศักดิ์,แจ่มแจ้ง,ยังดำเนินการอยู่
23,10,เสรีรวมไทย,นาย,ธิติพัทธ์,นรวิทย์โชติกุล,ยังดำเนินการอยู่
23,11,ชาติไทยพัฒนา,นางสาว,กชนารา,เล้าสมบูรณ์,ยังดำเนินการอยู่
23,12,พลังท้องถิ่นไท,นาย,อดุลย์,วุฒิเนตร,ยังดำเนินการอยู่
23,13,ประชาชนปฏิรูป,นางสาว,สุพัตรา,สำเร็จสุข,ยังดำเนินการอยู่
23,14,ชาติพัฒนา,นาย,สราวุฒิ,วิรุฬห์ธนวงศ์,ยังดำเนินการอยู่
23,15,รักษ์ผืนป่าประเทศไทย,นาย,ธีรชัย,สุโชคชัยกุล,ยังดำเนินการอยู่
23,16,ประชานิยม,นางสาว,ลดาพัชร์ ,สร้อยสุดารัตน์,ยังดำเนินการอยู่
23,17,กลาง,นาย,สมสุข,สวัสดิ์ใหม่,ยังดำเนินการอยู่
23,18,ทางเลือกใหม่,นาย,ปิยะพงษ์ ,เอื้อพูนสิริพัฒน์,ยังดำเนินการอยู่
23,19,เศรษฐกิจใหม่,นาย,จักรกฤษ,เสริฐศรี,ยังดำเนินการอยู่
23,20,พลังชาติไทย,นางสาว,ภัคจิรา,บ่อเกิด,ยังดำเนินการอยู่
23,21,ครูไทยเพื่อประชาชน,นาย,ฉัตรชัย,รัตนสุวรรณ,ยังดำเนินการอยู่
23,22,พลังไทยรักไทย,นาง,ขัตติยาณี,สุริหาร,ยังดำเนินการอยู่
23,23,ประชาภิวัฒน์,นาง,สุปราณี,ชนะโรค,ยังดำเนินการอยู่
23,24,พลังไทสร้างชาติ,พันตำรวจเอก,ชัยทรัพย์ ธรัช,ฤทธิ์เต็ม,ยังดำเนินการอยู่
23,25,มหาชน,นางสาว,วรินทร์พร,จุติธนเสฏฐ์,ยังดำเนินการอยู่
23,26,ประชาธิรรมไทย,นาย,ธนเดช,สิเจริญ,ยังดำเนินการอยู่
23,27,ถิ่นกาชาวชาววิไล,นาย,สุรศิษย์,คำเสน,ยังดำเนินการอยู่
23,28,พลังปวงชนไทย,นาย,ณัฐธเดชน์,ศรีกัณย์ชัย,ยังดำเนินการอยู่
23,29,ไทรักธรรม,นาย,ณัฐวรรธน์,ไวยสุศรี,ยังดำเนินการอยู่
23,30,ไทยศรีวิไลย์,นาย,นิมิตร,นะวะมวัฒน์,ยังดำเนินการอยู่
24,1,เสรีรวมไทย,นางสาว,มณีวรรณ,เกตุบุญลือ,ยังดำเนินการอยู่
24,2,รวมพลังประชาชาติไทย,นาย,วสุ,วงษ์เจริญ,ยังดำเนินการอยู่
24,3,ประชาชาติ,นาย,ดุสิต,ศาสนอนันต์,ยังดำเนินการอยู่
24,4,อนาตคใหม่,นาย,ทศพร,ทองศิริ,ยังดำเนินการอยู่
24,5,ชาติไทยพัฒนา,นาย,อมรศักดิ์,สินเหลือ,ยังดำเนินการอยู่
24,6,พลังประชารัฐ,นาย,ไกรเสริม,โตทับเที่ยง,ยังดำเนินการอยู่
24,7,พลังท้องถิ่นไท,นาย,ชัยณรงค์,ธีรการุณวงศ์,ยังดำเนินการอยู่
24,8,ภูมิใจไทย,นาย,ไสว,โชติกะสุภา,ยังดำเนินการอยู่
24,9,เพื่อชาติ,นางสาว,วิฬารี,สว่างพลกรัง,ยังดำเนินการอยู่
24,10,ชาติพัฒนา,นาย,สัเมธี,วรรณศิริกุล,ยังดำเนินการอยู่
24,11,พลังธรรมใหม่,นาย,สัญชัย,อยู่ไพศาล,ยังดำเนินการอยู่
24,12,ประชาธิปัตย์,นาย,สาทร,ม่วงศิริ,ยังดำเนินการอยู่
24,13,ไทยรักษาชาติ,นางสาว,นพสรัญ,วรรณศิริกุล,ถูกศาลรัฐธรรมนูญสั่งยุบพรรค
24,14,ประชาชนปฏิรูป,นางสาว,วรมน,เล็กใบ,ยังดำเนินการอยู่
24,15,รักษ์ผืนป่าประเทศไทย,นาย,สุขเกษม,แพรมณี,ยังดำเนินการอยู่
24,16,ประชานิยม,นางสาว,มนมนัส,ศิวรังสรรค์,ยังดำเนินการอยู่
24,17,กลาง,นาย,ศรุต,คงตระกูล,ยังดำเนินการอยู่
24,18,ประชาธิปไตยใหม่,นาย,ถนัด,แสงวิเชียร,ยังดำเนินการอยู่
24,19,แผ่นดินธรรม,นาย,สุธี,ทองสวัสดิ์,ยังดำเนินการอยู่
24,20,ครูไทยเพื่อประชาชน,นางสาว,มัธทนา,งามรินอำไพ,ยังดำเนินการอยู่
24,21,พลังชาติไทย,นาย,สมชาย,พูลพิทักษ์,ยังดำเนินการอยู่
24,22,ประชาภิวัฒน์,นางสาว,ฐิติรัตน์,นิจประกิจ,ยังดำเนินการอยู่
24,23,ภราดรภาพ,นาย,อนิรุธ,อธิวัฒนานนท์,ยังดำเนินการอยู่
24,24,ประชาไทย,นาย,ชยกร,พลดิษฐ์,ยังดำเนินการอยู่
24,25,เพื่อนไทย,นาย,สุชาติ,เจริญเลิศวิริยะกิจ,ยังดำเนินการอยู่
24,26,พลังไทสร้างชาติ,นาย,สุรชัย,ศาสนภาพ,ยังดำเนินการอยู่
24,27,ประชาธรรมไทย,นาย,สุเทพ,ท้วมกลัด,ยังดำเนินการอยู่
24,28,เศรษฐกิจใหม่,นาย,วิชาญ,เขาหา,ยังดำเนินการอยู่
24,29,ภาคีเครือข่ายไทย,นาง,จิรภิญญา,ชิงดวง,ยังดำเนินการอยู่
24,30,พลังศรัทธา,นาง,ภัคภร,บุณยเกียรติ,ยังดำเนินการอยู่
24,31,พลังปวงชนไทย,นาย,สุเทพ,สงยอด,ยังดำเนินการอยู่
24,32,ถิ่นกาขาวชาววิไล,นางสาว,จินตนา,ใจภักดี,ยังดำเนินการอยู่
24,33,ไทรักธรรม,นาย,อดิศักดิ์,สาระสิทธิ์,ยังดำเนินการอยู่
25,1,ภูมิใจไทย,นาย,สมศักดิ์,ลีลาสถาพรกูร,ยังดำเนินการอยู่
25,2,อนาคตใหม่,นาย,ณัฐชา,บุญไชยอินสวัสดิ์,ยังดำเนินการอยู่
25,3,เสรีรวมไทย,นาย,นิวัฒน์,ไชยมิ่ง,ยังดำเนินการอยู่
25,4,ชาติไทยพัฒนา,นางสาว,ปิยะพัชร์,เนตรน้อยสกุล,ยังดำเนินการอยู่
25,5,พลังประชารัฐ,นาย,ธีทัชฐ์,เกียรติลดารมย์,ยังดำเนินการอยู่
25,6,รวมพลังประชาชาติไทย,นาย,คมกร,เกียรติวิทยากุล,ยังดำเนินการอยู่
25,7,พลังท้องถิ่นไท,นาย,สวัสดิ์,จำปาศรี,ยังดำเนินการอยู่
25,8,ประชาธิปัตย์,นาย,สากล,ม่วงศิริ,ยังดำเนินการอยู่
25,9,ประชาภิวัฒน์,นาย,ประเสริฐ,ทองลือ,ยังดำเนินการอยู่
25,10,ไทยรักษาชาติ,นางสาว,กมลพัฒน์,ปุงบางกะดี่,ถูกศาลรัฐธรรมนูญสั่งยุบพรรค
25,11,เพื่อชาติ,นาย,สุไพรพล,ช่วยชู,ยังดำเนินการอยู่
25,12,ไทยศรีวิไลย์,นาย,ไพรัช,เศวกวงศ์,ยังดำเนินการอยู่
25,13,ชาติพัฒนา,นาย,ศรายุทธ,สุขะวัลลิ,ยังดำเนินการอยู่
25,14,รักษ์ผืนป่าประเทศไทย,นาง,รัตนพร,โอภาสพิมลธรรม,ยังดำเนินการอยู่
25,15,ภราดรภาพ,นาย,ธิติกรณ์,ชาวบ้านเกาะ,ยังดำเนินการอยู่
25,16,ประชาชาติ,นางสาว,วริศรา,เกษมศรี,ยังดำเนินการอยู่
25,17,ประชานิยม,นาย,นิธิโชติ,มานะธัญญา,ยังดำเนินการอยู่
25,18,กลาง,นางสาว,จันทร์จิรา,เกษมศรีนิวัฒนา,ยังดำเนินการอยู่
25,19,พลังปวงชนไทย,นาง,ราตรี,สงยอด,ยังดำเนินการอยู่
25,20,เศรษฐกิจใหม่,นาย,นารัตน์,งวาลย์,ยังดำเนินการอยู่
25,21,พลังศรัทธา,นางสาว,มนัสนันท์,นพพิบูลย์,ยังดำเนินการอยู่
25,22,ครูไทยเพื่อประชาชน,นาย,กีรติ,ลือชาพนธารา,ยังดำเนินการอยู่
25,23,พลังชาติไทย,นาย,กิตตพัฒน์,จิรัฏฐวงศ์,ยังดำเนินการอยู่
25,24,ประชาชนปฏิรูป,นาย,นพดล,รามนัฏ,ยังดำเนินการอยู่
25,25,ประชาธิปไตยใหม่,นาย,นิธิรุจน์,อินทร์สังข์,ยังดำเนินการอยู่
25,26,พลังไทสร้างชาติ,นาย,สุวัฒน์,อยู่เย็น,ยังดำเนินการอยู่
25,27,ประชาธรรมไทย,นาย,เอกธนัช,รงค์บัญฑิต,ยังดำเนินการอยู่
25,28,ภาคีเครือข่ายไทย,นาย,ไสว,แก้วขาว,ยังดำเนินการอยู่
25,29,พลเมืองไทย,นางสาว,นภาภรณ์,ครรชิตจารุสิทธิ์,ยังดำเนินการอยู่
25,30,ประชาไทย,นางสาว,ลลิต,วรรธนะดำเกิง,ยังดำเนินการอยู่
25,31,ไทรักธรรม,นาย,สิทธิเดช,จรกรรณ,ยังดำเนินการอยู่
26,1,รวมพลังประชาชาติไทย,นางสาว,วีรญา,อังศุธรถาวริน,ยังดำเนินการอยู่
26,2,พลังท้องถิ่นไท,นาย,สมยศ,ลักษณะสมบูรณ์,ยังดำเนินการอยู่
26,3,ประชานิยม,นาย,หนึ่ง,ช่วยชู,ยังดำเนินการอยู่
26,4,เพื่อชาติ,นาย,เศษฐวิชช์,ศิริโภคานุสรณ์,ยังดำเนินการอยู่
26,5,เสรีรวมไทย,ว่าที่ร้อยตรี,ธรกร,เจียโหงว,ยังดำเนินการอยู่
26,6,ไทยศรีวิไลย์,นาย,อนุรักษ์,อมรเมตตาจิต,ยังดำเนินการอยู่
26,7,ภราดรภาพ,นาย,สมชาย,พวงมาลัย,ยังดำเนินการอยู่
26,8,ประชาธิปัตย์,พลตำรวจเอก,สามารถ,ม่วงศิริ,ยังดำเนินการอยู่
26,9,อนาคตใหม่,นาย,กันต์พงษ์,ประยูรศักดิ์,ยังดำเนินการอยู่
26,10,ชาติพัฒนา,นาย,ชัยนันท์,ขันทะชา,ยังดำเนินการอยู่
26,11,ประชาชนปฏิรูป,นางสาว,ศศิยา,บุตรเนียร,ยังดำเนินการอยู่
26,12,ภูมิใจไทย,นาย,ศิลปชัย ,บุญราย,ยังดำเนินการอยู่
26,13,เพื่อไทย,นาย,วัน,อยู่บำรุง,ยังดำเนินการอยู่
26,14,พลังประชารัฐ,นาย,วัชระ,กรรณิการ์,ยังดำเนินการอยู่
26,15,ชาติไทยพัฒนา,นาย,ก่อเกียรติ,ขันทอง,ยังดำเนินการอยู่
26,16,ประชาภิวัฒน์,นาย,สิครินทร์,ดามพ์วิจิตร,ยังดำเนินการอยู่
26,17,รักษ์ผืนป่าประเทศไทย,นาย,วรพล,เตรียมเวชวุฒิไกร,ยังดำเนินการอยู่
26,18,ประชาชาติ,นางสาว,ชวิกา,ไตรศิวะกุล,ยังดำเนินการอยู่
26,19,กลาง,นางสาว,ดนิตา,วงค์รัตน์,ยังดำเนินการอยู่
26,20,พลังปวงชนไทย,นางสาว,สุพรรณี ,ทองหนองบัว,ยังดำเนินการอยู่
26,21,พลเมืองไทย,นางสาว,ทิชากร ,วิสาลสกล,ยังดำเนินการอยู่
26,22,แผ่นดินธรรม,นาย,ชวลิต ,ชัยชาญ,ยังดำเนินการอยู่
26,23,พลังชาติไทย,นาย,บุญฤทธิ์ ,ขวัญชุม,ยังดำเนินการอยู่
26,24,ครูไทยเพื่อประชาชน,นางสาว,พัทธนันท์,สิริปรีดาพัฒน์,ยังดำเนินการอยู่
26,25,พลังไทยรักไทย,นางสาว,ชญาณ์นันท์ ,อ้วนพินิจ,ยังดำเนินการอยู่
26,26,ประชาธรรมไทย,นาง,อารีลักษณ์ ,งามเจริญ,ยังดำเนินการอยู่
26,27,เศรษฐกิจใหม่,นาง,อรวรรณ ,จั่นบำรุง,ยังดำเนินการอยู่
26,28,ประชากรไทย,นาย,ณัทกร ,ลักษณ์ชนน,ยังดำเนินการอยู่
26,29,ไทรักธรรม,นาย,กิตติชัย ,หนูชูชัย,ยังดำเนินการอยู่
27,1,ชาติพัฒนา,นาย,ยุทธนา,โตอาจ,ยังดำเนินการอยู่
27,2,ชาติไทยพัฒนา,นาย,ธนธัส,สาสิงห์,ยังดำเนินการอยู่
27,3,เพื่อไทย,พันตำรวจโท,วันชัย,ฟักเอี้ยง,ยังดำเนินการอยู่
27,4,ภูมิใจไทย,นาย,ปกาสิต,ตราชื่นต้อง,ยังดำเนินการอยู่
27,5,ประชาชาติ,นาย,วิษุวัต,เจริญขวัญเมือง,ยังดำเนินการอยู่
27,6,ไทยศรีวิไลย์,นาย,กฤดิทัช,แสงธนโยธิน,ยังดำเนินการอยู่
27,7,อนาคตใหม่,นาย,จิรวัฒน์,อรัณยกานนท์,ยังดำเนินการอยู่
27,8,ประชาธิปัตย์,นาย,เอกนัฏ,พร้อมพันธุ์,ยังดำเนินการอยู่
27,9,ประชาชนปฏิรูป,นาย,อำนาจ,การสมจิตร์,ยังดำเนินการอยู่
27,10,พลังท้องถิ่นไท,นาย,บุญรุ่ง,เต๋งจงดี,ยังดำเนินการอยู่
27,11,เสรีรวมไทย,นางสาว,เกศศิริ,เรืองกาญจนเศรษฐ์,ยังดำเนินการอยู่
27,12,รวมพลังประชาชาติไทย,นางสาว,อุมาทิณี,ลกกะบูน,ยังดำเนินการอยู่
27,13,ประชาภิวัฒน์,นาย,มิตรศิลป์,ธิกะ,ยังดำเนินการอยู่
27,14,พลังประชารัฐ,นางสาว,บุณณดา,สุปิยพันธุ์,ยังดำเนินการอยู่
27,15,ภราดรภาพ,นางสาว,สุวลักษณ์,พวงมาลัย,ยังดำเนินการอยู่
27,16,เพื่อชาติ,นาย,บุญลือ,นุ้ยเมือง,ยังดำเนินการอยู่
27,17,รักษ์ผืนป่าประเทศไทย,นาย,ปรีชา,ลูกบัว,ยังดำเนินการอยู่
27,18,พลังปวงชนไทย,นางสาว,ภิญปภัส,นัยเนตร์,ยังดำเนินการอยู่
27,19,ประชานิยม,นางสาว,ฐานิญา,ดวงมืด,ยังดำเนินการอยู่
27,20,ครูไทยเพื่อประชาชน,นาย,สุรเดช,อินทร์แก้ว,ยังดำเนินการอยู่
27,21,ประชาธิปไตยใหม่,นางสาว,จินตนา,เอิบอิ่ม,ยังดำเนินการอยู่
27,22,แผ่นดินธรรม,นาย,ประกิจ,ศิริมา,ยังดำเนินการอยู่
27,23,พลังไทยรักไทย,นางสาว,ดาริน,ลักษณ์ชนน,ยังดำเนินการอยู่
27,24,กลาง,ว่าที่ร้อยตรี,สุกิต,น้อมศิริ,ยังดำเนินการอยู่
27,25,พลังชาติไทย,จ่าสิบเอก,อาทร,มีถาวร,ยังดำเนินการอยู่
27,26,เศรษฐกิจใหม่,นาย,ดนัย,อินทรพยุง,ยังดำเนินการอยู่
27,27,มหาชน,นาย,วระสิทธิ์,ปิ่นกุลบุตร,ยังดำเนินการอยู่
27,28,ภาคีเครือข่ายไทย,นาย,ธนาดุล,มะลิใหม่,ยังดำเนินการอยู่
27,29,ประชาธรรมไทย,นางสาว,ขวัญดาว,ท้วมกลัด,ยังดำเนินการอยู่
27,30,พลังไทสร้างชาติ,นาย,ชัชวาล,สุภัคชูกุล,ยังดำเนินการอยู่
28,1,ภูมิใจไทย,นาย,จิตรภณ ,ทิพย์โภคาสกุล,ยังดำเนินการอยู่
28,2,ชาติไทยพัฒนา,นาย,สมเจตน์ มากสมบูรณ์,มากสมบูรณ์,ยังดำเนินการอยู่
28,3,เพื่อไทย,นาย,วัฒนา ,เมืองสุข,ยังดำเนินการอยู่
28,4,พลังประชารัฐ,นาย,กฤชนนท์ ,อัยยปัญญา,ยังดำเนินการอยู่
28,5,รวมพลังประชาชาติไทย,นาย,ปรเมศวร์ ,นาคเทวัญ,ยังดำเนินการอยู่
28,6,ประชาชาติ,นาย,ปรีชา ,วัชระนัย,ยังดำเนินการอยู่
28,7,เพื่อชาติ,นาย,ศิริพงศ์ ,มหศิริไพศาล,ยังดำเนินการอยู่
28,8,ชาติพัฒนา,นางสาว,เยาวภา ,บุรพลชัย,ยังดำเนินการอยู่
28,9,อนาคตใหม่,นาย,ณัฐพงษ์,เรืองปัญญาวุฒิ,ยังดำเนินการอยู่
28,10,ประชาธิปัตย์,นางสาว,อรอนงค์ ,คล้ายนก,ยังดำเนินการอยู่
28,11,ประชาชนปฏิรูป,นาย, ประจักษ์ ,มนต์ประเสริฐ,ยังดำเนินการอยู่
28,12,เสรีรวมไทย,พลตำรวจโท,จุตติ ,ธรรมมโนวานิช,ยังดำเนินการอยู่
28,13,ประชาภิวัฒน์,นาย,ณัฐพล,ศิริสว่าง,ยังดำเนินการอยู่
28,14,พลังท้องถิ่นไท,นางสาว,ชวัลรัตน์ ,เข็มหนู,ยังดำเนินการอยู่
28,15,ภราดรภาพ,นาง,อมรรัตน์ ,อัครอมรพงศ์,ยังดำเนินการอยู่
28,16,รักษ์ผืนป่าประเทศไทย,นางสาว,ลีลาวดี ,น้ำหยด,ยังดำเนินการอยู่
28,17,ประชานิยม,นางสาว,กรกช ,เติมรุ่งเรืองเลิศ,ยังดำเนินการอยู่
28,18,เศรษฐกิจใหม่,นาย,ชัยกฤตย์,เดชณรงค์,ยังดำเนินการอยู่
28,19,พลังชาติไทย,นาย,อนุชา ,อินพุ่ม,ยังดำเนินการอยู่
28,20,พลังรัก,นาย,จิรายุ ,ภูพาน,ยังดำเนินการอยู่
28,21,พลังไทยรักไทย,นาย,ชาญชีพ ,หิรัญภัทรเวช,ยังดำเนินการอยู่
28,22,แผ่นดินธรรม,นาย,ชัยพล ,องอาจผจญ,ยังดำเนินการอยู่
28,23,ไทยรักษาชาติ,นาย,ศุรุท ,เกษมณีภูรเดช,ถูกศาลรัฐธรรมนูญสั่งยุบพรรค
28,24,ครูไทยเพื่อประชาชน,นาง,ภัทรานิษฐ์ ,บุณยวิบูลย์,ยังดำเนินการอยู่
28,25,มหาชน,นาย,ณพลการย์ ,ณิชยรวีพัชร์,ยังดำเนินการอยู่
28,26,ประชาธรรมไทย,นาย,ดวงประเสริฐ ,นาคจีนวงศ์,ยังดำเนินการอยู่
28,27,พลังไทสร้างชาติ,นาย, ภูเมธ ,กมลศุภกิตติ์,ยังดำเนินการอยู่
28,28,ภาคีเครือข่ายไทย,นาง,นันทัชพร ,บุญทรง,ยังดำเนินการอยู่
29,1,เสรีรวมไทย,นาย,จิรพัฒน์,สัจยากร,ยังดำเนินการอยู่
29,2,เพื่อชาติ,นาย,สราวุธ,ยุติโยธิน,ยังดำเนินการอยู่
29,3,ประชาธิปัตย์,นาย,วิลาศ,จันทร์พิทักษ์,ยังดำเนินการอยู่
29,4,ประชาชาติ,นาย,ปริญญา,กิจยิ่งยง,ยังดำเนินการอยู่
29,5,ชาติพัฒนา,นางสาว,ปัณย์วีร์,อิสริยาพร,ยังดำเนินการอยู่
29,6,อนาคตใหม่,นาย,ทวีชัย,วงศ์ไพโรจน์กุล,ยังดำเนินการอยู่
29,7,ประชาชนปฏิรูป,นาย,ภัทรพล,หมดมลทิน,ยังดำเนินการอยู่
29,8,ภูมิใจไทย,นาย,ชูชาติ,ยิ้มงาม,ยังดำเนินการอยู่
29,9,พลังท้องถิ่นไท,นาย,ชญาพัฒน์,โปร่งปรีชา,ยังดำเนินการอยู่
29,10,พลังธรรมใหม่,นาวาเอก,ประพันธ์,โชติอาภรณ์,ยังดำเนินการอยู่
29,11,เพื่อไทย,นาง,สุภาภรณ์,คงวุฒิปัญญา,ยังดำเนินการอยู่
29,12,ประชาภิวัฒน์,นาย,วันชัย,เวชพานิช,ยังดำเนินการอยู่
29,13,ชาติไทยพัฒนา,นางสาว,ปุณฐิภาภัคร์,สุวรรณราช,ยังดำเนินการอยู่
29,14,รวมพลังประชาชาติไทย,นาย,กชพงศ์,โรจน์ไพศาลกิจ,ยังดำเนินการอยู่
29,15,พลังประชารัฐ,นาย,ณพงศ์,นพเกตุ,ยังดำเนินการอยู่
29,16,ภราดรภาพ,นาย,นิธิศ,อังศุกุลธร,ยังดำเนินการอยู่
29,17,รักษ์ผืนป่าประเทศไทย,นาย,ฐิตินันท์,ศิริวสุธา,ยังดำเนินการอยู่
29,18,กลาง,นางสาว,อภัสนันท์,ชูเชิด,ยังดำเนินการอยู่
29,19,เศรษฐกิจใหม่,นาง,อภิกษณาอร,ลิ่วเฉลิมวงศ์,ยังดำเนินการอยู่
29,20,ประชาธิปไตยใหม่,นาย,พิทักษ์,รักษาวงศ์,ยังดำเนินการอยู่
29,21,ประชานิยม,นาย,สัมฤทธิ์,เสลาหอม,ยังดำเนินการอยู่
29,22,พลังประชาธิปไตย,นาย,บัณฑิต,ธรรมปรีชา,ยังดำเนินการอยู่
29,23,พลังชาติไทย,นาย,ธนกฤษ,นพรัตน์,ยังดำเนินการอยู่
29,24,พลังไทยรักไทย,นาง,สายรุ้ง,กาวิลา,ยังดำเนินการอยู่
29,25,ครูไทยเพื่อประชาชน,นางสาว,ศิริพา,นันทกิจ,ยังดำเนินการอยู่
29,26,พลังสังคม,นาย,บัณฑิต,สนิทประชากร,ยังดำเนินการอยู่
29,27,ประชาธรรมไทย,นาย,กิตติชัย,ชูเชิด,ยังดำเนินการอยู่
29,28,ภาคีเครือข่ายไทย,นาง,สมนึก,ปัทมาลัย,ยังดำเนินการอยู่
29,29,พลังปวงชนไทย,นาย,ธนชาติ,รายวงศ์,ยังดำเนินการอยู่
29,30,พลังไทยรักชาติ,นางสาว,ณัฐธิดา,นิโครธางกูร,ยังดำเนินการอยู่
29,31,ไทรักธรรม,นาย,ถวิล,รัตนพงศ์,ยังดำเนินการอยู่
30,1,รวมพลังประชาชาติไทย,นาย,สมพงษ์ ,สวัสดิสุข,ยังดำเนินการอยู่
30,2,ชาติพัฒนา,นาย,คุ้ง ,จารึกเสถียร,ยังดำเนินการอยู่
30,3,ชาติไทยพัฒนา,นางสาว,แพรวพรรณ ,สวนพราย,ยังดำเนินการอยู่
30,4,อนาคตใหม่,นาย,ณัฐชนน ,จิตต์สง่า,ยังดำเนินการอยู่
30,5,ภูมิใจไทย,นาบ,เพิ่มพร ,ตุทานนท์,ยังดำเนินการอยู่
30,6,เพื่อไทย,นาย,พงศ์พันธ์ ,ยอดเมืองเจริญ,ยังดำเนินการอยู่
30,7,เสรีรวมไทย,นาย,ยิ่งยงค์ ,จิตเพียรธรรม,ยังดำเนินการอยู่
30,8,พลังประชารัฐ,นาย,จักรพันธ์ ,พรนิมิตร,ยังดำเนินการอยู่
30,9,พลังท้องถิ่นไท,นางสาว,ภัทร์ฐิตา ,ทุมเกิด,ยังดำเนินการอยู่
30,10,ประชาธิปัตย์,นางสาว,รัชดา ,ธนาดิเรก,ยังดำเนินการอยู่
30,11,ประชาชนปฏิรูป,นาย,มนูญ ,นกยูงทอง,ยังดำเนินการอยู่
30,12,เพื่อชาติ,นางสาว,รัชนก ,ศรีทองแท้,ยังดำเนินการอยู่
30,13,ประชาชาติ,ว่าที่ร้อยตรี,ณัฐฐากูร,ศรีธนกฤตชโยดม,ยังดำเนินการอยู่
30,14,เพื่อแผ่นดิน,นาย,อมรเทพ ,หวังแก้ว,ยังดำเนินการอยู่
30,15,ประชานิยม,นาย,ธนบดี ,อินทวีโร,ยังดำเนินการอยู่
30,16,รักษ์ผืนป่าประเทศไทย,นาย,วรินดา ,วราพันธ์,ยังดำเนินการอยู่
30,17,ภราดรภาพ,นาย,พิเชษฐ์ ,ไทยนิยม,ยังดำเนินการอยู่
30,18,พลังชาติไทย,นางสาว,สิริวรรณ ,โชติพันธุ์,ยังดำเนินการอยู่
30,19,พลังไทยรักชาติ,นาย,ทศพร ,สายสุด,ยังดำเนินการอยู่
30,20,เศรษฐกิจใหม่,นาย,ศิริวัฒน์ ,ไชยธวัช,ยังดำเนินการอยู่
30,21,แผ่นดินธรรม,นางสาว,พัทธวรรณ ,รุจิรชัย,ยังดำเนินการอยู่
30,22,ครูไทยเพื่อประชาชน,นาย,สุนทร ,โนนศิริ,ยังดำเนินการอยู่
30,23,พลังไทยรักไทย,นาย,สมัฏฐวัศน์ ,อารยศาสตร์,ยังดำเนินการอยู่
30,24,กลาง,นาย,ศิวะ ,ไวทย์รุ่งโรจน์,ยังดำเนินการอยู่
30,25,พลังสังคม,นาย,นาวิน ,ชลายนนาวิน,ยังดำเนินการอยู่
30,26,ประชาภิวัฒน์,นาย,อมเรศ ,ฤทธิรงค์,ยังดำเนินการอยู่
30,27,พลังไทสร้างชาติ,นาย,สุชาติ,เหมหงษา,ยังดำเนินการอยู่
30,28,ประชาธรรมไทย,นางสาว,กมลชนก ,ศรีกนก,ยังดำเนินการอยู่
30,29,ภาคีเครือข่ายไทย,นาย,ชวิศกฤษ ,บุญรัตน์สุวรรณ,ยังดำเนินการอยู่
30,30,ไทยศรีวิไลย์,นาย,ภวัต ,อิ่มใจจิตร,ยังดำเนินการอยู่
30,31,ประชาธิปไตยใหม่,นางสาว,พัฒชา ,จิ๋วแหยม,ยังดำเนินการอยู่